id,date,cultured_by,source,source_2,media,fasta_header,sub_cultured,seq
1,2016?,Vicki,Edit 1-1 PS3/3,papillae,Columbia agar + 5% sheeps blood,Viki_Iso_1.616F_20,yes,TGCAGTCGAGCGAACAGATGAGAAGCTTGCTTCTCTGATGTTAGCGGCGGACGGGTGAGTAACACGTGGGTAACCTACCTATAAGACTGGGATAACTCCGGGAAACCGGGGCTAATACCGGATAATATTTTGAACCGCATGGTTCAATAGTGAAAGACGGTTTCGGCTGTCACTTATAGATGGACCCGCGCCGTATTAGCTAGTTGGTAAGGTAACGGCTTACCAAGGCGACGATACGTAGCCGACCTGAGAGGGTGATCGGCCACACTGGAACTGAGACACGGTCCAGACTCCTACGGGAGGCAGCAGTAGGGAATCTTCCGCAATGGGCGAAAGCCTGACGGAGCAACGCCGCGTGAGTGATGAAGGTCTTCGGATCGTAAAACTCTGTTGTTAGGGAAGAACAAATTTGTTAGTAACTGAACAAGTCTTGACGGTACCTAACCAGAAAGCCACGGCTAACTACGTGCCAGCAGCCGCGGTAATACGTAGGTGGCAAGCGTTATCCGGAATTATTGGGCGTAAAGCGCGCGTAGGCGGTTTCTTAAGTCTGATGTGAAAGCCCACGGCTCAACCGTGGAGGGTCATTGGAAACTGGGAAACTTGAGTGCAGAAGAGGAGAGTGGAATTCCATGTGTAGCGGTGAAATGCGCAGAGATATGGAGGAACACCAGTGGCGAAGGCGGCTCTCTGGTCTGTAACTGACGCTGATGTGCGAAAGCGTGGGGATCAAACAGGATTAGATACCCTGGTAGTCCACGCCGTAAACGATGAGTGCTAAGTGTTAGGGGGTTTCCGCCCCTTAGTGCTGCAGCTAACGCATTAAGCACTCCGCCTGGGGAGTACGACCGCAAGGTTGAAACTCAAAGGAATTGACGGGGACCCGCACAAGCGGTGGAGCATGTGGTTTAATTCGAAGCAACGCGAAGAACCTTACCAAATCTTGACATCCTTTGACCGCTCTAGAGATAGAGTCTTCCCCTTCGGGGGACAAAGTGACAGGTGGTGCATGGTTGTCGTCAGCTCGTGTCGTGAGATGTTGGGTTAAGTCCCGCAACGAGCGCAACCCTTAAGCTTAGTTGCCATCATTAAGTTGG
2,2016?,Vicki,Edit 1-2 PS3/3,papillae,Columbia agar + 5% sheeps blood,Viki_Iso_2.616F_25,yes,AGAACGCTGAAGACTTTAGCTTGCTAGAGTTGGAAGAGTTGCGAACGGGTGAGTAACGCGTAGGTAACCTGCCTATTAGCGGGGGATAACTATTGGAAACGATAGCTAATACCGCATAATAGTGTTTAACACATGTTAGAGACTTGAAAGATGCAATTGCATCACTAGTAGATGGACCTGCGTTGTATTAGCTAGTTGGTGGGGTAACGGCCTACCAAGGCGACGATACATAGCCGACCTGAGAGGGTGATCGGCCACACTGGGACTGAGACACGGCCCAGACTCCTACGGGAGGCAGCAGTAGGGAATCTTCGGCAATGGGGGCAACCCTGACCGAGCAACGCCGCGTGAGTGAAGAAGGTTTTCGGATCGTAAAGCTCTGTTGTAAGAGAAGAACGTGTGTGAGAGTGGAAAGTTCACACAGTGACGGTAACTTACCAGAAAGGGACGGCTAACTACGTGCCAGCAGCCGCGGTAATACGTAGGTCCCGAGCGTTGTCCGGATTTATTGGGCGTAAAGCGAGCGCAGGCGGTTTAATAAGTCTGAAGTTAAAGGCAGTGGCTTAACCATTGTTCGCTTTGGAAACTGTTAAACTTGAGTGCAGAAGGGGAGAGTGGAATTCCATGTGTAGCGGTGAAATGCGTAGATATATGGAGGAACACCGGTGGCGAAAGCGGCTCTCTGGTCTGTAACTGACGCTGAGGCTCGAAAGCGTGGGGAGCAAACAGGATTAGATACCCTGGTAGTCCACGCCGTAAACGATGAGTGCTAGGTGTTAGGCCCTTTCCGGGGCTTAGTGCCGCAGCTAACGCATTAAGCACTCCGCCTGGGGAGTACGACCGCAAGGTTGAAACTCAAAGGAATTGACGGGGGCCCGCACAAGC
3,2016?,Vicki,Edit 2-2 PS3,papillae,Columbia agar + 5% sheeps blood,Viki_Iso_3.616F_10,yes,TGCAGTAGAACGCTGAAGACTTTAGCTTGCTAGAGTTGGAAGAGTTGCGAACGGGTGAGTAACGCGTAGGTAACCTGCCTATTAGCGGGGGATAACTATTGGAAACGATAGCTAATACCGCATAATAGTGTTTAACACATGTTAGAGACTTGAAAGATGCAATTGCATCACTAGTAGATGGACCTGCGTTGTATTAGCTAGTTGGTGGGGTAACGGCCTACCAAGGCGACGATACATAGCCGACCTGAGAGGGTGATCGGCCACACTGGGACTGAGACACGGCCCAGACTCCTACGGGAGGCAGCAGTAGGGAATCTTCGGCAATGGGGGCAACCCTGACCGAGCAACGCCGCGTGAGTGAAGAAGGTTTTCGGATCGTAAAGCTCTGTTGTAAGAGAAGAACGTGTGTGAGAGTGGAAAGTTCACACAGTGACGGTAACTTACCAGAAAGGGACGGCTAACTACGTGCCAGCAGCCGCGGTAATACGTAGGTCCCGAGCGTTGTCCGGATTTATTGGGCGTAAAGCGAGCGCAGGCGGTTTAATAAGTCTGAAGTTAAAGGCAGTGGCTTAACCATTGTTCGCTTTGGAAACTGTTAAACTTGAGTGCAGAAGGGGAGAGTGGAATTCCATGTGTAGCGGTGAAATGCGTAGATATATGGAGGAACACCGGTGGCGAAAGCGGCTCTCTGGTCTGTAACTGACGCTGAGGCTCGAAAGCGTGGGGAGCAAACAGGATTAGATACCCTGGTAGTCCACGCCGTAAACGATGAGTGCTAGGTGTTAGGCCCTTTCCGGGGCTTAGTGCCGCAGCTAACGCATTAAGCACTCCGCCTGGGGAGTACGACCGCAAGGTTGAAACTCAAAGGAATTGACGGGGGCCCGCACAAGCGGTGGAGCATGTGGTTTAATTCGAAGCAACGCGAAGAACCTTACCAGGTCTTGACATCCCGATGCTATTTCTAGAGATAGAAAGTTTCTTCGGAACATCGGTGACAGGTGGTGCATGGTTGTCGTCAGCTCGTGTCGTGAGATGTTGGGTTAAGTCCCGCAACGAGGGCAACCCCTATTGTTAGTTGCCATCATTCAGTTGG
4,2016?,Vicki,Ricki 1-1 PS,papillae,Columbia agar + 5% sheeps blood,Viki_Iso_4.616F_26,yes,TGCAGTAGAACGCTGAAGACTTTAGCTTGCTAGAGTTGGAAGAGTTGCGAACGGGTGAGTAACGCGTAGGTAACCTGCCTATTAGCGGGGGATAACTATTGGAAACGATAGCTAATACCGCATAATAGTGTTTAACACATGTTAGAGACTTGAAAGATGCAATTGCATCACTAGTAGATGGACCTGCGTTGTATTAGCTAGTTGGTGGGGTAACGGCCTACCAAGGCGACGATACATAGCCGACCTGAGAGGGTGATCGGCCACACTGGGACTGAGACACGGCCCAGACTCCTACGGGAGGCAGCAGTAGGGAATCTTCGGCAATGGGGGCAACCCTGACCGAGCAACGCCGCGTGAGTGAAGAAGGTTTTCGGATCGTAAAGCTCTGTTGTAAGAGAAGAACGTGTGTGAGAGTGGAAAGTTCACACAGTGACGGTAACTTACCAGAAAGGGACGGCTAACTACGTGCCAGCAGCCGCGGTAATACGTAGGTCCCGAGCGTTGTCCGGATTTATTGGGCGTAAAGCGAGCGCAGGCGGTTTAATAAGTCTGAAGTTAAAGGCAGTGGCTTAACCATTGTTCGCTTTGGAAACTGTTAAACTTGAGTGCAGAAGGGGAGAGTGGAATTCCATGTGTAGCGGTGAAATGCGTAGATATATGGAGGAACACCGGTGGCGAAAGCGGCTCTCTGGTCTGTAACTGACGCTGAGGCTCGAAAGCGTGGGGAGCAAACAGGATTAGATACCCTGGTAGTCCACGCCGTAAACGATGAGTGCTAGGTGTTAGGCCCTTTCCGGGGCTTAGTGCCGCAGCTAACGCATTAAGCACTCCGCCTGGGGAGTACGACCGCAAGGTTGAAACTCAAAGGAATTGACGGGGGCCCGCACAAGCGGTGGAGCATGTGGTTTAATTCGAAGCAACGCGAAGAACCTTACCAGGTCTTGACATCCCGATGCTATTTCTAGAGATAGAAAGTTTCTTCGGAACATCGGTGACAGGTGGTGCATGGTTGTCGTCAGCTCGTGTCGTGAGATGTTGGGGTTAAGTCCCGCAACGAGGGCAACCC
5,2016?,Vicki,Ricki 1-3-PS3,papillae,Columbia agar + 5% sheeps blood,Viki_Iso_5.616F_12,yes,CATGCTGGCTTTTGTTGGTGTGGTGAGTGGCGAACGGGTGAGTAACACGTGAGTAACCTGCCCTCTTCTTTGGGATAACGGTCTGAAAGGGCTGCTAATACCGGATGTTCACTGTCTGTCGCATGGTGGGTGGTGGAAAGATGCACTGTTGTGGTGTTTTTGGTGGGGGATGGGCTCGCGGCCTATCAGCTTGTTGGTGGGGTGATGGCTTACCAAGGCTTTGACGGGTAGCCGGCCTGAGAGGGTGACCGGTCACATTGGGACTGAGATACGGCCCAGACTCCTACGGGAGGCAGCAGTGGGGAATTTTGCACAATGGACGCAAGTCTGATGCAGCGACGCCGCGTGAGGGATGGAGGCCTTCGGGTTGTGAACCTCTTTCGCTCATGGTCAAGCCGCAACTGTGGGTTGTGGTGAGGGTAGTGGGTAAAGAAGCGCCGGCTAACTACGTGCCAGCAGCCGCGGTAATACGTAGGGCGCGAGCGTTGTCCGGAATTATTGGGCGTAAAGGGCTTGTAGGCGGTTGATCGCGTCTGCCGTGAAATCCTCTGGCTTAACTGGGGGCGTGCGGTGGGTACGGGTTGACTTGAGTGCGGTAGGGGAGACTGGAATTCCTGGTGTAGCGGTGGAATGCGCAGATATCAGGAGGAACACCGGTGGCGAAGGCGGGTCTCTGGGCCGTTACTGACGCTGAGGAGCGAAAGCGTGGGGAGCGAACAGGATTAGATACCCTGGTAGTCCATGCTGTAAACGTTGGGCACTAGGTGTGGGGGCCACCCGTGGTTTCTGCGCCGTAGCTAACGCTTTAAGTGCCCCGCCTGGGGAGTACGGCCGCAAGGCTAAAACTCAAAGGAATTGACGGGGGCCCGCACAAGCGGCGGAGCATGCGGATTAATTCGATGCAACGCGAAGAACCTTACCAAGGCTTGACATGCACCCAGGCGCTGCAGAAATGTGGTGGCATTTGGTTGGGGGGTGTGCAGGTGGTGCATGGTTGTCGT
6,2016?,Vicki,Ricki 2-2 PS3,papillae,Columbia agar + 5% sheeps blood,Viki_Iso_6.616F_27,yes,TGCAGTCGAACGGATCATGCTGGCTTTTGTTGGTGTGGTGAGTGGCGAACGGGTGAGTAACACGTGAGTAACCTGCCCTCTTCTTTGGGATAACGGTCTGAAAGGGCTGCTAATACCGGATGTTCACTGTCTGTCGCATGGTGGGTGGTGGAAAGATGCACTGTTGTGGTGTTTTTGGTGGGGGATGGGCTCGCGGCCTATCAGCTTGTTGGTGGGGTGATGGCTTACCAAGGCTTTGACGGGTAGCCGGCCTGAGAGGGTGACCGGTCACATTGGGACTGAGATACGGCCCAGACTCCTACGGGAGGCAGCAGTGGGGAATTTTGCACAATGGACGCAAGTCTGATGCAGCGACGCCGCGTGAGGGATGGAGGCCTTCGGGTTGTGAACCTCTTTCGCTCATGGTCAAGCCGCAACTGTGGGTTGTGGTGAGGGTAGTGGGTAAAGAAGCGCCGGCTAACTACGTGCCAGCAGCCGCGGTAATACGTAGGGCGCGAGCGTTGTCCGGAATTATTGGGCGTAAAGGGCTTGTAGGCGGTTGATCGCGTCTGCCGTGAAATCCTCTGGCTTAACTGGGGGCGTGCGGTGGGTACGGGTTGACTTGAGTGCGGTAGGGGAGACTGGAATTCCTGGTGTAGCGGTGGAATGCGCAGATATCAGGAGGAACACCGGTGGCGAAGGCGGGTCTCTGGGCCGTTACTGACGCTGAGGAGCGAAAGCGTGGGGAGCGAACAGGATTAGATACCCTGGTAGTCCATGCTGTAAACGTTGGGCACTAGGTGTGGGGGCCACCCGTGGTTTCTGCGCCGTAGCTAACGCTTTAAGTGCCCCGCCTGGGGAGTACGGCCGCAAGGCTAAAACTCAAAGGAATTGACGGGGGCCCGCACAAGCGGCGGAGCATGCGGATTAATTCGATGCAACGCGAAGAACCTTACCAAGGCTTGACATGCACCCAGGCGCTGCAGAGATGTGGTGGCATTTGGTTGGGGGTGTGCAGGTGGTGCATGGTTGTCGTCAGCTCGTGTCGTGAGATGTTGGGTTAAGTCCCGCAACGAGCGCAACCCTTGCCCTATGTTGCCAGCACGTGGTGGTGGGGACTCGTGGGGGACTGCCGGGGTTA
7,2016?,Vicki,Ricki 2-1- PS3,papillae,Columbia agar + 5% sheeps blood,Viki_Iso_7.616F_13,yes,CGCTGAAGACTTTAGCTTGCTAGAGTTGGAAGAGTTGCGAACGGGTGAGTAACGCGTAGGTAACCTGCCTATTAGCGGGGGATAACTATTGGAAACGATAGCTAATACCGCATAATAGTGTTTAACACATGTTAGAGACTTGAAAGATGCAATTGCATCACTAGTAGATGGACCTGCGTTGTATTAGCTAGTTGGTGGGGTAACGGCCTACCAAGGCGACGATACATAGCCGACCTGAGAGGGTGATCGGCCACACTGGGACTGAGACACGGCCCAGACTCCTACGGGAGGCAGCAGTAGGGAATCTTCGGCAATGGGGGCAACCCTGACCGAGCAACGCCGCGTGAGTGAAGAAGGTTTTCGGATCGTAAAGCTCTGTTGTAAGAGAAGAACGTGTGTGAGAGTGGAAAGTTCACACAGTGACGGTAACTTACCAGAAAGGGACGGCTAACTACGTGCCAGCAGCCGCGGTAATACGTAGGTCCCGAGCGTTGTCCGGATTTATTGGGCGTAAAGCGAGCGCAGGCGGTTTAATAAGTCTGAAGTTAAAGGCAGTGGCTTAACCATTGTTCGCTTTGGAAACTGTTAAACTTGAGTGCAGAAGGGGAGAGTGGAATTCCATGTGTAGCGGTGAAATGCGTAGATATATGGAGGAACACCGGTGGCGAAAGCGGCTCTCTGGTCTGTAACTGACGCTGAGGCTCGAAAGCGTGGGGAGCAAACAGGATTAGATACCCTGGTAGTCCACGCCGTAAACGATGAGTGCTAGGTGTTAGGCCCTTTCCGGGGCTTAGTGCCGCAGCTAACGCATTAAGCACTCCGCCTGGGGAGTACGACCGCAAGGTTGAAACTCAAAGGAATTGACGGGGGCCCGCACAAGCGGTGGAGCATGTGGTTTAATTCGAAGCAACGCGAAGAACCTTACCAGGTCTTGACATCCCGATGCTATTTCTAGAGATAGAAAGTTTCTTCGGAACATCGGTGACAGGTGGTGCATGGTTGTCGTCAGCTCGTGTCGTGAGATGTTGGGTTAAGTCCCGCAACGAGCGCAACCCCTATTGTTAGTTGCCATCATTCAGTTGG
8,2016?,Vicki,Elsa 1-1 PS3,papillae,Columbia agar + 5% sheeps blood,Viki_Iso_8.616F_28,yes,TGCAGTAGAACGCTGAAGACTTTAGCTTGCTAGAGTTGGAAGAGTTGCGAACGGGTGAGTAACGCGTAGGTAACCTGCCTATTAGCGGGGGATAACTATTGGAAACGATAGCTAATACCGCATAATAGTGTTTAACACATGTTAGAGACTTGAAAGATGCAATTGCATCACTAGTAGATGGACCTGCGTTGTATTAGCTAGTTGGTGGGGTAACGGCCTACCAAGGCGACGATACATAGCCGACCTGAGAGGGTGATCGGCCACACTGGGACTGAGACACGGCCCAGACTCCTACGGGAGGCAGCAGTAGGGAATCTTCGGCAATGGGGGCAACCCTGACCGAGCAACGCCGCGTGAGTGAAGAAGGTTTTCGGATCGTAAAGCTCTGTTGTAAGAGAAGAACGTGTGTGAGAGTGGAAAGTTCACACAGTGACGGTAACTTACCAGAAAGGGACGGCTAACTACGTGCCAGCAGCCGCGGTAATACGTAGGTCCCGAGCGTTGTCCGGATTTATTGGGCGTAAAGCGAGCGCAGGCGGTTTAATAAGTCTGAAGTTAAAGGCAGTGGCTTAACCATTGTTCGCTTTGGAAACTGTTAAACTTGAGTGCAGAAGGGGAGAGTGGAATTCCATGTGTAGCGGTGAAATGCGTAGATATATGGAGGAACACCGGTGGCGAAAGCGGCTCTCTGGTCTGTAACTGACGCTGAGGCTCGAAAGCGTGGGGAGCAAACAGGATTAGATACCCTGGTAGTCCACGCCGTAAACGATGAGTGCTAGGTGTTAGGCCCTTTCCCGGGCTTAGTGCCGCAGCTAACGCATTAAGCACTCCGCCTGGGGAGTACGACCGCAAGGTTGAAACTCAAAGGAATTGACGGGGGCCCGCACAAGCGGTGGAGCATG
9,2016?,Vicki,Elfi 2-5 PS3/3,papillae,Columbia agar + 5% sheeps blood,Viki_Iso_9.616F_29,yes,TGCAGTCGAACGGTAAGGCCCCAGCTTGCTGGGGTACACGAGTGGCGAACGGGTGAGTAACACGTGGGTGACCTGCCCCGCACTTCGGGATAAGCCTGGGAAACTGGGTCTAATACCGGATAGGACCGCACCGTGAGGGTGTGGTGGAAAGTTTTTCGGTGTGGGATGGGCCCGCGGCCTATCAGCTTGTTGGTGGGGTAATGGCCTACCAAGGCGGCGACGGGTAGCCGGCCTGAGAGGGTGGACGGCCACATTGGGACTGAGACACGGCCCAGACTCCTACGGGAGGCAGCAGTGGGGAATATTGCACAATGGGCGGAAGCCTGATGCAGCGACGCCGCGTGGGGGATGACGGCCTTCGGGTTGTAAACTCCTTTCACCATCGACGAAGGTTTTCTGACGGTAGATGGAGAAGAAGCACCGGCTAACTACGTGCCAGCAGCCGCGGTAATACGTAGGGTGCGAGCGTTGTCCGGAATTACTGGGCGTAAAGAGCTCGTAGGTGGTTTGTCGCGTCGTCTGTGAAATTCCGGGGCTTAACTCCGGGCGTGCAGGCGATACGGGCATAACTTGAGTACTGTAGGGGAGACTGGAATTCCTGGTGTAGCGGTGAAATGCGCAGATATCAGGAGGAACACCGGTGGCGAAGGCGGGTCTCTGGGCAGTAACTGACGCTGAGGAGCGAAAGCATGGGTAGCGAACAGGATTAGATACCCTGGTAGTCCATGCCGTAAACGGTGGGCGCTAGGTGTAGGGGTCTTCCACGACTTCTGTGCCGTAGCTAACGCATTAAGCGCCCCGCCTGGGGAGTACGGCCGCAAGGCTAAAACTCAAAGGAATTGACGGGGGCCCGCACAAGCGGCGGAGCATGTGGATTAATTCGATGCAACGCGAAGAACCTTACCTGGGCTTGACATATACGGGATCGCCGCAAAGATGTGGTTTCCCTTGTGGCTCGTATACAGGTGGTGCATGGTTGTCGTCAGCTCGTGTCGTGAGATGTTGGGGTTAAGTCCCGCAACGAGCGCAACCCTTGTCTTATGTTGCCAG
10,2016?,Vicki,Elfi 1:10 - 2 PS3,papillae,Columbia agar + 5% sheeps blood,Viki_Iso_10.616F_1,yes,TTTCTTCGGAATGTTCTTAGTGGCGAACGGGTGAGTAACGCGTAGGCAACCTGCCCTCTGGTTGGGGACAACATTCCGAAAGGGATGCTAATACCGAATGAGATCCTCTTTCCGCATGGAGAGAGGATGAAAGATGGCCTCTACTTGTAAGCTATCGCCAGAAGATGGGCCTGCGTCTGATTAGCTAGTAGGTGAGGTAACGGCTCACCTAGGCGATGATCAGTAGCCGGTCTGAGAGGATGAACGGCCACATTGGGACTGAGACACGGCCCAAACTCCTACGGGAGGCAGCAGTGGGGAATCTTCCGCAATGGACGAAAGTCTGACGGAGCAACGCCGCGTGAGTGATGAAGGCCTTCGGGTTGTAAAACTCTGTTGTCAGGGACGAAAGCACCGATCTATAATACATTTTGGTGTTGACGGTACCTGACGAGGAAGCCACGGCTAACTACGTGCCAGCAGCCGCGGTAATACGTAGGTGGCAAGCGTTGTCCGGAATTATTGGGCGTAAAGAGCATGTAGGCGGGCTTTTAAGTCCGACGTGAAAATGCGGGGCTTAACCCCGTATGGCGTTGGATACTGGAAGTCTTGAGTGCAGGAGAGGAAAGGGGAATTCCCAGTGTAGCGGTGAAATGCGTAGATATTGGGAGGAACACCAGTGGCGAAGGCGCCTTTCTGGACTGTGTCTGACGCTGAGATGCGAAAGCCAGGGTAGCAAACGGGATTAGATACCCCGGTAGTCCTGGCCGTAAACGATGGGTACTAGGTGTAGGAGGTATCGACCCCTTCTGTGCCGGAGTTAACGCAATAAGTACCCCGCCTGGGGACTACGATCGCAAGATTGAAACTCAAAGGAATTGACGGGGGCCCGCACAAGCGGTGGAGTATGTGGTTTAATTCGACGCAACGCGAAGAACCTTACCAAGGCTTGACATTGAGTGAAAGACCCAGAGATGGGTCCCCTTCTTCGGAAGCACGAAAACAGGTGGTGCATGGCCTGTCGTCAGCTCGTGGTCGTGAGATGTTGGGGTTAAGTCCCGCAACGAGCGCCACCCTTTATCCTATGTTAC
11,2016?,Vicki,Elfi 1:10 - 3 PS3,papillae,Columbia agar + 5% sheeps blood,Viki_Iso_11.616F_2,yes,ATGGAGGCCTTCGGGTCGTGAACCGCTTTTGATTGGGAGCAAGCGTGAGTGAGTGTACCTTTCGAATAAGCACCTGCTAACTACGTGCCAGCAGCCGCGGTAATACGTAGGGTGCAAGCGTTGTCCGGAATCATTGGGCGTAAAGGGCTCGTAGGCGGTTCGTCGCGTCCGGTGTGAAAGCCCATCGCTTAACGGTGGGTCTGCGCCGGGTACGGGCGGGCTTG
12,2016?,Vicki,Elfi 1:10-5 PS3,papillae,Columbia agar + 5% sheeps blood,Viki_Iso_12.616F_3,yes,TTCTGTTGTCAGAGAAGAACGTGCGTGAGAGTAACTGTTCACGTATTGACGGTATCTGACCAGAAAGCCACGGCTAACTACGTG
13,2016?,Vicki,Narbe 1-1 PS3,papillae,Columbia agar + 5% sheeps blood,Viki_Iso_13.616F_21,yes,TGCAGTAGAACGCTGAAGACTTTAGCTTGCTAGAGTTGGAAGAGTTGCGAACGGGTGAGTAACGCGTAGGTAACCTGCCTATTAGCGGGGGATAACTATTGGAAACGATAGCTAATACCGCATAATAGTGTTTAACACATGTTAGAGACTTGAAAGGTGCAATTGCATCACTAGTAGATGGACCTGCGTTGTATTAGCTAGTTGGTGGGGTAACGGCCTACCAAGGCGACGATACATAGCCGACCTGAGAGGGTGATCGGCCACACTGGGACTGAGACACGGCCCAGACTCCTACGGGAGGCAGCAGTAGGGAATCTTCGGCAATGGGGGCAACCCTGACCGAGCAACGCCGCGTGAGTGAAGAAGGTTTTCGGATCGTAAAGCTCTGTTGTAAGAGAAGAACGTGTGTGAGAGTGGAAAGTTCACACAGTGACGGTAACTTACCAGAAAGGGACGGCTAACTACGTGCCAGCAGCCGCGGTAATACGTAGGTCCCGAGCGTTGTCCGGATTTATTGGGCGTAAAGCGAGCGCAGGCGGTTTAATAAGTCTGAAGTTAAAGGCAGTGGCTTAACCATTGTTCGCTTTGGAAACTGTTAGACTTGAGTGCAGAAGGGGAGAGTGGAATTCCATGTGTAGCGGTGAAATGCGTAGATATATGGAGGAACACCGGTGGCGAAAGCGGCTCTCTGGTCTGTAACTGACGCTGAGGCTCGAAAGCGTGGGGAGCAAACAGGATTAGATACCCTGGTAGTCCACGCCGTAAACGATGAGTGCTAGGTGTTAGGCCCTTTCCGGGGCTTAGTGCCGCAGCTAACGCATTAAGCACTCCGCCTGGGGAGTACGACCGCAAGGTTGAAACTCAAAGGAATTGACGGGGGCCCGCACAAGCGGTGGAGCATGTGGTTTAATTC
15,2016?,Vicki,Narbe 1-4 PS3,papillae,Columbia agar + 5% sheeps blood,Viki_Iso_15.616F_22,yes,GATGAAGCTGGAGCTTGCTTCGGTGGATTAGTGGCGAACGGGTGAGTAACACGTGAGTAACCTGCCCCTGACTCTGGGATAACTGCTGGAAACGGTAGCTAATACTGGATATGAACCGTACAGGCATCTGTAGCGGTTGGAAAGATTTTTTGGTTGGGGATGGACTCGCGGCCTATCAGCTTGTTGGTGAGGTAATGGCTCACCAAGGCGACGACGGGTAGCCGGCCTGAGAGGGTGACCGGCCACATTGGGACTGAGACACGGCCCAGACTCCTACGGGAGGCAGCAGTGGGGAATATTGCACAATGGGCGAAAGCCTGATGCAGCAACGCCGCGTGAGGGATGACGGCCTTCGGGTTGTAAACCTCTTTTAGCAGGGAAGAAGCGAGAGTGACGGTACCTGCAGAAAAAGCGCCGGCTAACTACGTGCCAGCAGCCGCGGTAATACGTAGGGCGCGAGCGTTGTCCGGAATTATTGGGCGTAAAGAGCTCGTAGGCGGTTTGTCGCGTCTGCTGTGAAATCCCGAGGCTCAACCTCGGGCTTGCAGTGGGTACGGGCAGACTAGAGTGCGGTAGGGGAGACTGGAACTCCTGGTGTAGCGGTGGAATGCGCAGATATCAGGAAGAACACCGATGGCGAAGGCAGGTCTCTGGGCCGTTACTGACGCTGAGGAGCGAAAGCATGGGGAGCGAACAGGATTAGATACCCTGGTAGTCCATGCCGTAAACGTTGGGTGCTAGACGTGGGGGCCTTTCCACGGTTTCCGTGTCGTAGCTAACGCATTAAGCACCCCGCCTGGGGAGTACGGCCGCAAGGCTAAAACTCAAAGGAATTGACGGGGGCCCGCACAAGCGGCGGAGCATGCGGATTAATTCGATGCAACGCGAAGAACCTTACCAAGGCTTGACATATAGAGGAAACGGCCAGAGATGGTCGCCCCGCAAGGTCTCTATACAGGTGGTGCATGGTTGTCGTCAGCTCGTGTCGTGAGATGTTGGGTTAAGTCCCGCAACGAGCGCAACCCTTGTCCTATGTTGCCAGCACGTTATGGTGGGAACTCATGGGAGACTGCCGTGGTCAACACGGAGGAAGGTTGGGGATGACGTCAAATCATCATGCCCCTT
16,2016?,Vicki,Narbe 2-1-a PS3/3,papillae,Columbia agar + 5% sheeps blood,Viki_Iso_16.616F_23,yes,TGCAGTAGAACGCTGAAGACTTTAGCTTGCTAGAGTTGGAAGAGTTGCGAACGGGTGAGTAACGCGTAGGTAACCTGCCTATTAGCGGGGGATAACTATTGGAAACGATAGCTAATACCGCATAATAGTGTTTAACACATGTTAGAGACTTGAAAGATGCAATTGCATCACTAGTAGATGGACCTGCGTTGTATTAGCTAGTTGGTGGGGTAACGGCCTACCAAGGCGACGATACATAGCCGACCTGAGAGGGTGATCGGCCACACTGGGACTGAGACACGGCCCAGACTCCTACGGGAGGCAGCAGTAGGGAATCTTCGGCAATGGGGGCAACCCTGACCGAGCAACGCCGCGTGAGTGAAGAAGGTTTTCGGATCGTAAAGCTCTGTTGTAAGAGAAGAACGTGTGTGAGAGTGGAAAGTTCACACAGTGACGGTAACTTACCAGAAAGGGACGGCTAACTACGTGCCAGCAGCCGCGGTAATACGTAGGTCCCGAGCGTTGTCCGGATTTATTGGGCGTAAAGCGAGCGCAGGCGGTTTAATAAGTCTGAAGTTAAAGGCAGTGGCTTAACCATTGTTCGCTTTGGAAACTGTTAAACTTGAGTGCAGAAGGGGAGAGTGGAATTCCATGTGTAGCGGTGAAATGCGTAGATATATGGAGGAACACCGGTGGCGAAAGCGGCTCTCTGGTCTGTAACTGACGCTGAGGCTCGAAAGCGTGGGGAGCAAACAGGATTAGATACCCTGGTAGTCCACGCCGTAAACGATGAGTGCTAGGTGTTAGGCCCTTTCCGGGGCTTAGTGCCGCAGCTAACGCATTAAGCACTCCGCCTGGGGAGTACGACCGCAAGGTTGAAACTCAAAGGAATTGACGGGGGCCCGCACAAGCGGTGGAGCATGTGGTTTAATTCGAAGCAACGCGAAGAACCTTACCAGGTCTTGACATCCCGATGCTATTTCTAGAGATAGAAAGTTTCTTCGGAACATCGGTGACAGGTGGTGCATGGTTGTCGTCAGCTCGTGTCGTGAGATGTTGGGTTAAGTCCCGCAACGAGCGCAACCCCTATTGTTAGTTGCCATCATTCAGTTGG
17,2016?,Vicki,Narbe 2-1-b PS3/3,papillae,Columbia agar + 5% sheeps blood,Viki_Iso_17.616F_24,yes,TGCAGTAGAACGCTGAAGACTTTAGCTTGCTAGAGTTGGAAGAGTTGCGAACGGGTGAGTAACGCGTAGGTAACCTGCCTATTAGCGGGGGATAACTATTGGAAACGATAGCTAATACCGCATAATAGTGTTTAACACATGTTAGAGACTTGAAAGATGCAATTGCATCACTAGTAGATGGACCTGCGTTGTATTAGCTAGTTGGTGGGGTAACGGCCTACCAAGGCGACGATACATAGCCGACCTGAGAGGGTGATCGGCCACACTGGGACTGAGACACGGCCCAGACTCCTACGGGAGGCAGCAGTAGGGAATCTTCGGCAATGGGGGCAACCCTGACCGAGCAACGCCGCGTGAGTGAAGAAGGTTTTCGGATCGTAAAGCTCTGTTGTAAGAGAAGAACGTGTGTGAGAGTGGAAAGTTCACACAGTGACGGTAACTTACCAGAAAGGGACGGCTAACTACGTGCCAGCAGCCGCGGTAATACGTAGGTCCCGAGCGTTGTCCGGATTTATTGGGCGTAAAGCGAGCGCAGGCGGTTTAATAAGTCTGAAGTTAAAGGCAGTGGCTTAACCATTGTTCGCTTTGGAAACTGTTAAACTTGAGTGCAGAAGGGGAGAGTGGAATTCCATGTGTAGCGGTGAAATGCGTAGATATATGGAGGAACACCGGTGGCGAAAGCGGCTCTCTGGTCTGTAACTGACGCTGAGGCTCGAAAGCGTGGGGAGCAAACAGGATTAGATACCCTGGTAGTCCACGCCGTAAACGATGAGTGCTAGGTGTTAGGCCCTTTCCGGGGCTTAGTGCCGCAGCTAACGCATTAAGCACTCCGCCTGGGGAGTACGACCGCAAGGTTGAAACTCAAAGGAATTGACGGGGGCCCGCACAAGCGGTGGAGCATGTGGTTTAATTCGAAGCAACGCGAAGAACCTTACCAGGTCTTGACATCCCGATGCTATTTCTAGAGATAGAAAGTTTCTTCGGAACATCGGTGACAGGTGGTGCATGGTTGTCGTCAGCTCGTGTCGTGAGATGTTGGGTTAAGTCCCGCAACGAGCGCAACCCCTATTGTTAGTTGCCATCATTCAGTTGG
18,2016?,Vicki,Narbe 2-2-PS3/3,papillae,Columbia agar + 5% sheeps blood,Viki_Iso_18.616F_4,yes,TGCAGTAGAACGCTGAAGACTTTAGCTTGCTAAAGTTGGAAGAGTTGCGAACGGGTGAGTAACGCGTAGGTAACCTGCCTACTAGCGGGGGATAACTATTGGAAACGATAGCTAATACCGCATAACAGCATTTAACACATGTTAGATGCTTGAAAGGAGCAATTGCTTCACTAGTAGATGGACCTGCGTTGTATTAGCTAGTTGGTGAGGTAACGGCTCACCAAGGCGACGATACATAGCCGACCTGAGAGGGTGATCGGCCACACTGGGACTGAGACACGGCCCAGACTCCTACGGGAGGCAGCAGTAGGGAATCTTCGGCAATGGGGGCAACCCTGACCGAGCAACGCCGCGTGAGTGAAGAAGGTTTTCGGATCGTAAAGCTCTGTTGTAAGAGAAGAACGTGTGTGAGAGTGGAAAGTTCACACAGTGACGGTAACTTACCAGAAAGGGACGGCTAACTACGTGCCAGCAGCCGCGGTAATACGTAGGTCCCGAGCGTTGTCCGGATTTATTGGGCGTAAAGCGAGCGCAGGCGGTTTAATAAGTCTGAAGTTAAAGGCAGTGGCTTAACCATTGTTCGCTTTGGAAACTGTTAGACTTGAGTGCAGAAGGGGAGAGTGGAATTCCATGTGTAGCGGTGAAATGCGTAGATATATGGAGGAACACCGGTGGCGAAAGCGGCTCTCTGGTCTGTAACTGACGCTGAGGCTCGAAAGCGTGGGGAGCAAACAGGATTAGATACCCTGGTAGTCCACGCCGTAAACGATGAGTGCTAGGTGTTAGGCCCTTTCCGGGGCTTAGTGCCGCAGCTAACGCATTAAGCACTCCGCCTGGGGAGTACGACCGCAAGGTTGAAACTCAAAGGAATTGACGGGGGCCCGCACAAGCGGTGGAGCATGTGGTTTAATTCGAAGCAACGCGAAGAACCTTACCAGGTCTTGACATCCCGATGCTATTCCTAGAGATAGGAAGTTTCTTCGGAACATCGGTGACAGGTGGTGCATGGTTGTCGTCAGCTCGTGTCGTGAGATGTTGGGTTAAGTCCCGCAACGAGCGCAACCCCTATTGTTAGTTGCCATCATTAAGTTGGGCACTCTAGCGAGACTGCCGGTAATAAACCGGAGGAAGGTGGGGATGACGTCAAATCATCATGCCCCT
19,2016?,Vicki,Narbe 2-3-PS3,papillae,Columbia agar + 5% sheeps blood,Viki_Iso_19.616F_14,yes,CTTGCTAGAGTTGGAAGAGTTGCGAACGGGTGAGTAACGCGTAGGTAACCTGCCTATTAGCGGGGGATAACTATTGGAAACGATAGCTAATACCGCATAATAGTGTTTAACACATGTTAGAGACTTGAAAGATGCAATTGCATCACTAGTAGATGGACCTGCGTTGTATTAGCTAGTTGGTGGGGTAACGGCCTACCAAGGCGACGATACATAGCCGACCTGAGAGGGTGATCGGCCACACTGGGACTGAGACACGGCCCAGACTCCTACGGGAGGCAGCAGTAGGGAATCTTCGGCAATGGGGGCAACCCTGACCGAGCAACGCCGCGTGAGTGAAGAAGGTTTTCGGATCGTAAAGCTCTGTTGTAAGAGAAGAACGTGTGTGAGAGTGGAAAGTTCACACAGTGACGGTAACTTACCAGAAAGGGACGGCTAACTACGTGCCAGCAGCCGCGGTAATACGTAGGTCCCGAGCGTTGTCCGGATTTATTGGGCGTAAAGCGAGCGCAGGCGGTTTAATAAGTCTGAAGTTAAAGGCAGTGGCTTAACCATTGTTCGCTTTGGAAACTGTTAAACTTGAGTGCAGAAGGGGAGAGTGGAATTCCATGTGTAGCGGTGAAATGCGTAGATATATGGAGGAACACCGGTGGCGAAAGCGGCTCTCTGGTCTGTAACTGACGCTGAGGCTCGAAAGCGTGGGGAGCAAACAGGATTAGATACCCTGGTAGTCCACGCCGTAAACGATGAGTGCTAGGTGTTAGGCCCTTTCCGGGGCTTAGTGCCGCAGCTAACGCATTAAGCACTCCGCCTGGGGAGTACGACCGCAAGGTTGAAACTCAAAGGAATTGACGGGGGCCCGCACAAGCGGTGGAGCATGTGGTTTAATTCGAAGCAACGCGAAGAACCTTACCAGGTCTTGACATCCCGATGCTATTTCTAGAGATAGAAAGTTTCTTCGGAACATCGGTGACAGGTGGTGCATGGTTGTCGTCAGCTCGTGTCGTGAGATGTTGGGTTAAGTCCCGCAACCAGCGCAACCCCTATTGTTAGTTGCCATCATTCAGTTGGGCACTCTAGCGAGACTGCCGGTAATAAACCGGAGGAAGGTGGGGATGACGTCAAA
21,2016?,Vicki,Narbe 2-5 PS3,papillae,Columbia agar + 5% sheeps blood,Viki_Iso_21.616F_5,yes,TGGATTAGTGGCGAACGGGTGAGTAATACGTGAGTAACCTGCCCTCCGCTTCGGGATAAGCCTTGGAAACGGGGTCTAATACCGGATGTTGGCCTTCTTCCCGCATGGGTTGGGGGTGAAAGTTTTTTCGGCGGGGGATGGGCTCGCGGCCTATCAGCTTGTTGGTGGGGTGATGGCCTACCAAGGCGTCGACGGGTAGCCGGCCTGAGAGGGTGACCGGCCACATTGGGACTGAGATACGGCCCAGACTCCTACGGGAGGCAGCAGTGGGGGATATTGCGCAATGGGCGGAAGCCTGACGCAGCGACGCCGCGTGGGGGATGAAGGCTTTCGGGTTGTAAACCCCTTTCGACCAGGAACAAGGCTTTT
22,2016?,Vicki,Narbe 1:10 - 1 PS3,papillae,Columbia agar + 5% sheeps blood,Viki_Iso_22.616F_6,yes,GCTGAAGACTTTAGCTTGCTAGAGTTGGAAGAGTTGCGAACGGGTGAGTAACGCGTAGGTAACCTGCCTATTAGCGGGGGATAACTATTGGAAACGATAGCTAATACCGCATAATAGTGTTTAACACATGTTAGAGACTTGAAAGATGCAATTGCATCACTAGTAGATGGACCTGCGTTGTATTAGCTAGTTGGTGGGGTAACGGCCTACCAAGGCGACGATACATAGCCGACCTGAGAGGGTGATCGGCCACACTGGGACTGAGACACGGCCCAGACTCCTACGGGAGGCAGCAGTAGGGAATCTTCGGCAATGGGGGCAACCCTGACCGAGCAACGCCGCGTGAGTGAAGAAGGTTTTCGGATCGTAAAGCTCTGTTGTAAGAGAAGAACGTGTGTGAGAGTGGAAAGTTCACACAGTGACGGTAACTTACCAGAAAGGGACGGCTAACTACGTGCCAGCAGCCGCGGTAATACGTAGGTCCCGAGCGTTGTCCGGATTTATTGGGCGTAAAGCGAGCGCAGGCGGTTTAATAAGTCTGAAGTTAAAGGCAGTGGCTTAACCATTGTTCGCTTTGGAAACTGTTAAACTTGAGTGCAGAAGGGGAGAGTGGAATTCCATGTGTAGCGGTGAAATGCGTAGATATATGGAGGAACACCGGTGGCGAAAGCGGCTCTCTGGTCTGTAACTGACGCTGAGGCTCGAAAGCGTGGGGAGCAAACAGGATTAGATACCCTGGTAGTCCACGCCGTAAACGATGAGTGCTAGGTGTTAGGCCCTTTCCGGGGCTTAGTGCCGCAGCTAACGCATTAAGCACTCCGCCTGGGGAGTACGACCGCAAGGTTGAAACTCAAAGGAATTGACGGGGGCCCGCACAAGCGGTGGAGCATGTGGTTTAATTCGAAGCAACGCGAAGAACCTTACCAGGTCTTGACATCCCGATGCTATTTCTAGAGATAGAAAGTTTCTTCGGAACATCGGTGACAGGTGGTGCATGGTTGTCGTCAGCTCGTGTCGTGAGATGTTGGGTTAAGTCCCGCAACGAGCGCAACCCCTATTGTTAGTTGCCATCATTCAGTTGGGCACTCTAGCGAGACTGCCGG
23,2016?,Vicki,Bergi 1-1 PS3/3,papillae,Columbia agar + 5% sheeps blood,Viki_Iso_23.616F_7,yes,TGCAGTCGAACGAACTCTGGTATTGATTGGTGCTTGCATCATGATTTACATTTGAGTGAGTGGCGAACTGGTGAGTAACACGTGGGAAACCTGCCCAGAAGCGGGGGATAACACCTGGAAACAGATGCTAATACCGCATAACAACTTGGACCGCATGGTCCGAGCTTGAAAGATGGCTTCGGCTATCACTTTTGGATGGTCCCGCGGCGTATTAGCTAGATGGTGGGGTAACGGCTCACCATGGCAATGATACGTAGCCGACCTGAGAGGGTAATCGGCCACATTGGGACTGAGACACGGCCCAAACTCCTACGGGAGGCAGCAGTAGGGAATCTTCCACAATGGACGAAAGTCTGATGGAGCAACGCCGCGTGAGTGAAGAAGGGTTTCGGCTCGTAAAACTCTGTTGTTAAAGAAGAACATATCTGAGAGTAACTGTTCAGGTATTGACGGTATTTAACCAGAAAGCCACGGCTAACTACGTGCCAGCAGCCGCGGTAATACGTAGGTGGCAAGCGTTGTCCGGATTTATTGGGCGTAAAGCGAGCGCAGGCGGTTTTTTAAGTCTGATGTGAAAGCCTTCGGCTCAACCGAAGAAGTGCATCGGAAACTGGGAAACTTGAGTGCAGAAGAGGACAGTGGAACTCCATGTGTAGCGGTGAAATGCGTAGATATATGGAAGAACACCAGTGGCGAAGGCGGCTGTCTGGTCTGTAACTGACGCTGAGGCTCGAAAGTATGGGTAGCAAACAGGATTAGATACCCTGGTAGTCCATACCGTAAACGATGAATGCTAAGTGTTGGAGGGTTTCCGCCCTTCAGTGCTGCAGCTAACGCATTAAGCATTCCGCCTGGGGAGTACGGCCGCAAGGCTGAAACTCAAAGGAATTGACGGGGGCCCGCACAAGCGGTGGAGCATGTGGTTTAATTCGAAGCTACGCGAAGAACCTTACCAGGTCTTGACATACTATGCAAATCTAAGAGATTAGACGTTCCCTTCGGGGACATGGATACAGGTGGTGCATGGTTGTCGTCAGCTCGTGTCGTGAGATGTTGGGTTAAGTCCCGCAACGAGCGCAACCCTTATTATCAGTTGCCAGCATTA
24,2016?,Vicki,Bergi 1-2 PS3/3,papillae,Columbia agar + 5% sheeps blood,Viki_Iso_24.616F_15,yes,GCAGTCGAGCGGGGAAGGTAGCTTGCTACCTGACCTAGCGGCGGACGGGTGAGTAATGCTTAGGAATCTGCCTATTAGTGGGGGACAACATCTCGAAAGGGATGCTAATACCGCATACGTCCTACGGGAGAAAGCAGGGGACCTTCGGGCCTTGCGCTAATAGATGAGCCTAAGTCGGATTAGCTAGTTGGTGGGGTAAAGGCCTACCAAGGCGACGATCTGTAGCGGGTCTGAGAGGATGATCCGCCACACTGGGACTGAGACACGGCCCAGACTCCTACGGGAGGCAGCAGTGGGGAATATTGGACAATGGGGGGAACCCTGATCCAGCCATGCCGCGTGTGTGAAGAAGGCCTTTTGGTTGTAAAGCACTTTAAGCGAGGAGGAGGCTACCGAGATTAATACTCTTGGATAGTGGACGTTACTCGCAGAATAAGCACCGGCTAACTCTGTGCCAGCAGCCGCGGTAATACAGAGGGTGCAAGCGTTAATCGGATTTACTGGGCGTAAAGCGCGCGTAGGTGGCCAATTAAGTCAAATGTGAAATCCCCGAGCTTAACTTGGGAATTGCATTCGATACTGGTTGGCTAGAGTATGGGAGAGGATGGTAGAATTCCAGGTGTAGCGGTGAAATGCGTAGAGATCTGGAGGAATACCGATGGCGAAGGCAGCCATCTGGCCTAATACTGACACTGAGGTGCGAAAGCATGGGGAGCAAACAGGATTAGATACCCTGGTAGTCCATGCCGTAAACGATGTCTACTAGCCGTTGGGGCCTTTGAGGCTTTAGTGGCGCAGCTAACGCGATAAGTAGACCGCCTGGGGAGTACGGTCGCAAGACTAAAACTCAAATGAATTGACGGGGGCCCGCACAAGCGGTGGAGCATGTGGTTTAATTCGATGCAACGCGAAGAACCTTACCTGGTCTTGACATAGTAAGAACTTTCCAGAGATGGATTGGTGCCTTCGGGAACTTACATACAGGTGCTGCATGGCTGTCGTCAGCTCGTGTCGTGAGATGTTGGGTTAAGTCCCGCAACGAGCGCAACCCTTTTCCTTATTTGCCAGCGGGTTAAGCCGGGAACTTTAAGGATACTGCCAGTGACAAACTGGAGGAAGGCGGGGACGACGTCAAGT
25,2016?,Vicki,Bergi 2-2 PS3,papillae,Columbia agar + 5% sheeps blood,Viki_Iso_25.616F_8,yes,TGCAGTCGAGCGGGGAAAGGTAGCTTGCTACCTGACCTAGCGGCGGACGGGTGAGTAATGCTTAGGAATCTGCCTATTAGTGGGGGACAACATCTCGAAAGGGATGCTAATACCGCATACGTCCTACGGGAGAAAGCAGGGGACCTTCGGGCCTTGCGCTAATAGATGAGCCTAAGTCGGATTAGCTAGTTGGTGGGGTAAAGGCCTACCAAGGCGACGATCTGTAGCGGGTCTGAGAGGATGATCCGCCACACTGGGACTGAGACACGGCCCAGACTCCTACGGGAGGCAGCAGTGGGGAATATTGGACAATGGGGGGAACCCTGATCCAGCCATGCCGCGTGTGTGAAGAAGGCCTTTTGGTTGTAAAGCACTTTAAGCGAGGAGGAGGCTACCGAGATTAATACTCTTGGATAGTGGACGTTACTCGCAGAATAAGCACCGGCTAACTCTGTGCCAGCAGCCGCGGTAATACAGAGGGTGCAAGCGTTAATCGGATTTACTGGGCGTAAAGCGCGCGTAGGTGGCCAATTAAGTCAAATGTGAAATCCCCGAGCTTAACTTGGGAATTGCATTCGATACTGGTTGGCTAGAGTATGGGAGAGGATGGTAGAATTCCAGGTGTAGCGGTGAAATGCGTAGAGATCTGGAGGAATACCGATGGCGAAGGCAGCCATCTGGCCTAATACTGACACTGAGGTGCGAAAGCATGGGGAGCAAACAGGATTAGATACCCTGGTAGTCCATGCCGTAAACGATGTCTACTAGCCGTTGGGGCCTTTGAGGCTTTAGTGGCGCAGCTAACGCGATAAGTAGACCGCCTGGGGAGTACGGTCGCAAGACTAAAACTCAAATGAATTGACGGGGGCCCGCACAAGCGGTGGAGCATGTGGTTTAATTCGATGCAACGCGAAGAACCTTACCTGGTCTTGACATAGTAAGAACTTTCCAGAGATGGATTGGTGCCTTCGGGAACTTACATACAGGTGCTGCATGGCTGTCGTCAGCTCGTGTCGTGAGATGTTGGGTTAAGTCCCGCAACGAGCGCAACCCTTTTCCTTATTTGCCAGCGGGTTAAGCCGGGAACTTTAAGGATACTGCCAGTGACAAACTGGAGGAAGGCGGG
26,2016?,Vicki,Nevada 1-1 PS3,papillae,Columbia agar + 5% sheeps blood,Viki_Iso_26.616F_16,yes,GTAGAACGCTGAAGACTTTAGCTTGCTAGAGTTGGAAGAGTTGCGAACGGGTGAGTAACGCGTAGGTAACCTGCCTATTAGCGGGGGATAACTATTGGAAACGATAGCTAATACCGCATAATAGTGTTTAACACATGTTAGAGACTTGAAAGATGCAATTGCATCACTAGTAGATGGACCTGCGTTGTATTAGCTAGTTGGTGGGGTAACGGCCTACCAAGGCGACGATACATAGCCGACCTGAGAGGGTGATCGGCCACACTGGGACTGAGACACGGCCCAGACTCCTACGGGAGGCAGCAGTAGGGAATCTTCGGCAATGGGGGCAACCCTGACCGAGCAACGCCGCGTGAGTGAAGAAGGTTTTCGGATCGTAAAGCTCTGTTGTAAGAGAAGAACGTGTGTGAGAGTGGAAAGTTCACACAGTGACGGTAACTTACCAGAAAGGGACGGCTAACTACGTGCCAGCAGCCGCGGTAATACGTAGGTCCCGAGCGTTGTCCGGATTTATTGGGCGTAAAGCGAGCGCAGGCGGTTTAATAAGTCTGAAGTTAAAGGCAGTGGCTTAACCATTGTTCGCTTTGGAAACTGTTAAACTTGAGTGCAGAAGGGGAGAGTGGAATTCCATGTGTAGCGGTGAAATGCGTAGATATATGGAGGAACACCGGTGGCGAAAGCGGCTCTCTGGTCTGTAACTGACGCTGAGGCTCGAAAGCGTGGGGAGCAAACAGGATTAGATACCCTGGTAGTCCACGCCGTAAACGATGAGTGCTAGGTGTTAGGCCCTTTCCGGGGCTTAGTGCCGCAGCTAACGCATTAAGCACTCCGCCTGGGGAGTACGACCGCAAGGTTGAAACTCAAAGGAATTGACGGGGGCCCGCACAAGCGGTGGAGCATGTGGTTTAATTCGAAGCAACGCGAAGAACCTTACCAGGTCTTGACATCCCGATGCTATTTCTAGAGATAGAAAGTTTCTTCGGAACATCGGTGACAGGTGGTGCATGGTTGTCGTCAGCTCGTGTCGTGAGATGTTGGGTTAAGTCCCGCAACGAGCGCAACCCCTATTGTTAGTTGCCATCATTCAGTTGGGCACTCTAGCGAGACTGCCGGT
27,2016?,Vicki,Nevada 1-3 PS3,papillae,Columbia agar + 5% sheeps blood,Viki_Iso_27.616F_9,yes,TGCAGTCGAGCGGGGAAAGGTAGCTTGCTACCTGACCTAGCGGCGGACGGGTGAGTAATGCTTAGGAATCTGCCTATTAGTGGGGGACAACATCTCGAAAGGGATGCTAATACCGCATACGTCCTACGGGAGAAAGCAGGGGACCTTCGGGCCTTGCGCTAATAGATGAGCCTAAGTCGGATTAGCTAGTTGGTGGGGTAAAGGCCTACCAAGGCGACGATCTGTAGCGGGTCTGAGAGGATGATCCGCCACACTGGGACTGAGACACGGCCCAGACTCCTACGGGAGGCAGCAGTGGGGAATATTGGACAATGGGGGGAACCCTGATCCAGCCATGCCGCGTGTGTGAAGAAGGCCTTTTGGTTGTAAAGCACTTTAAGCGAGGAGGAGGCTACCGAGATTAATACTCTTGGATAGTGGACGTTACTCGCAGAATAAGCACCGGCTAACTCTGTGCCAGCAGCCGCGGTAATACAGAGGGTGCAAGCGTTAATCGGATTTACTGGGCGTAAAGCGCGCGTAGGTGGCCAATTAAGTCAAATGTGAAATCCCCGAGCTTAACTTGGGAATTGCATTCGATACTGGTTGGCTAGAGTATGGGAGAGGATGGTAGAATTCCAGGTGTAGCGGTGAAATGCGTAGAGATCTGGAGGAATACCGATGGCGAAGGCAGCCATCTGGCCTAATACTGACACTGAGGTGCGAAAGCATGGGGAGCAAACAGGATTAGATACCCTGGTAGTCCATGCCGTAAACGATGTCTACTAGCCGTTGGGGCCTTTGAGGCTTTAGTGGCGCAGCTAACGCGATAAGTAGACCGCCTGGGGAGTACGGTCGCAAGACTAAAACTCAAATGAATTGACGGGGGCCCGCACAAGC
29,2016?,Vicki,Nevada 2-2 PS3/3,papillae,Columbia agar + 5% sheeps blood,Viki_Iso_29.616F_17,yes,GTCGAGCGGACAGAAGGGAGCTTGCTCCCGGATGTTAGCGGCGGACGGGTGAGTAACACGTGGGTAACCTGCCTGTAAGACTGGGATAACTCCGGGAAACCGGAGCTAATACCGGATAGTTCCTTGAACCGCATGGTTCAAGGATGAAAGACGGTTTCGGCTGTCACTTACAGATGGACCCGCGGCGCATTAGCTAGTTGGTGGGGTAATGGCTCACCAAGGCGACGATGCGTAGCCGACCTGAGAGGGTGATCGGCCACACTGGGACTGAGACACGGCCCAGACTCCTACGGGAGGCAGCAGTAGGGAATCTTCCGCAATGGACGAAAGTCTGACGGAGCAACGCCGCGTGAGTGATGAAGGTTTTCGGATCGTAAAGCTCTGTTGTTAGGGAAGAACAAGTGCGAGAGTAACTGCTCGCACCTTGACGGTACCTAACCAGAAAGCCACGGCTAACTACGTGCCAGCAGCCGCGGTAATACGTAGGTGGCAAGCGTTGTCCGGAATTATTGGGCGTAAAGGGCTCGCAGGCGGTTTCTTAAGTCTGATGTGAAAGCCCCCGGCTCAACCGGGGAGGGTCATTGGAAACTGGGAAACTTGAGTGCAGAAGAGGAGAGTGGAATTCCACGTGTAGCGGTGAAATGCGTAGAGATGTGGAGGAACACCAGTGGCGAAGGCGACTCTCTGGTCTGTAACTGACGCTGAGGAGCGAAAGCGTGGGGAGCGAACAGGATTAGATACCCTGGTAGTCCACGCCGTAAACGATGAGTGCTAAGTGTTAGGGGGTTTCCGCCCCTTAGTGCTGCAGCTAACGCATTAAGCACTCCGCCTGGGGAGTACGGTCGCAAGACTGAAACTCAAAGGAATTGACGGGGGCCCGCACAAGCGGTGGAGCATGTGGTTTAATTCGAAGCAACGCGAAGAACCTTACCAGGTCTTGACATCCTCTGACAACCCTAGAGATAGGGCTTTCCCTTCGGGGACAGAGTGACAGGTGGTGCATGGTTGTCGTCAGCTCGTGTCGTGAGATGTTGGGTTAAGTCCCGCAACGAGCGCAACCCTTGATCTTAGTTGCCAGCATTTAGTTGG
30,2016?,Vicki,Nevada 2-1 PS3,papillae,Columbia agar + 5% sheeps blood,Viki_Iso_30.616F_18,yes,CTGAAGACTTTAGCTTGCTAGAGTTGGAAGAGTTGCGAACGGGTGAGTAACGCGTAGGTAACCTGCCTATTAGCGGGGGATAACTATTGGAAACGATAGCTAATACCGCATAATAGTGTTTAACACATGTTAGAGACTTGAAAGATGCAATTGCATCACTAGTAGATGGACCTGCGTTGTATTAGCTAGTTGGTGGGGTAACGGCCTACCAAGGCGACGATACATAGCCGACCTGAGAGGGTGATCGGCCACACTGGGACTGAGACACGGCCCAGACTCCTACGGGAGGCAGCAGTAGGGAATCTTCGGCAATGGGGGCAACCCTGACCGAGCAACGCCGCGTGAGTGAAGAAGGTTTTCGGATCGTAAAGCTCTGTTGTAAGAGAAGAACGTGTGTGAGAGTGGAAAGTTCACACAGTGACGGTAACTTACCAGAAAGGGACGGCTAACTACGTGCCAGCAGCCGCGGTAATACGTAGGTCCCGAGCGTTGTCCGGATTTATTGGGCGTAAAGCGAGCGCAGGCGGTTTAATAAGTCTGAAGTTAAAGGCAGTGGCTTAACCATTGTTCGCTTTGGAAACTGTTAAACTTGAGTGCAGAAGGGGAGAGTGGAATTCCATGTGTAGCGGTGAAATGCGTAGATATATGGAGGAACACCGGTGGCGAAAGCGGCTCTCTGGTCTGTAACTGACGCTGAGGCTCGAAAGCGTGGGGAGCAAACAGGATTAGATACCCTGGTAGTCCACGCCGTAAACGATGAGTGCTAGGTGTTAGGCCCTTTCCGGGGCTTAGTGCCGCAGCTAACGCATTAAGCACTCCGCCTGGGGAGTACGACCGCAAGGTTGAAACTCAAAGGAATTGACGGGGGCCCGCACAAGCGGTGGAGCATGTGGTTT
31,2016?,Vicki,Nelda 1-123 überw PS3,papillae,Columbia agar + 5% sheeps blood,Viki_Iso_31.616F_19,yes,GCAGTCGAGCGGTAACAGGAGAAAGCTTGCTTTCTTGCTGACGAGCGGCGGACGGGTGAGTAATGTATGGGGATCTGCCCGATAGAGGGGGATAACTACTGGAAACGGTGGCTAATACCGCATAATGTCTACGGACCAAAGCAGGGGCTCTTCGGACCTTGCACTATCGGATGAACCCATATGGGATTAGCTAGTAGGTGGGGTAAAGGCTCACCTAGGCGACGATCTCTAGCTGGTCTGAGAGGATGATCAGCCACACTGGGACTGAGACACGGCCCAGACTCCTACGGGAGGCAGCAGTGGGGAATATTGCACAATGGGCGCAAGCCTGATGCAGCCATGCCGCGTGTATGAAGAAGGCCTTAGGGTTGTAAAGTACTTTCAGCGGGGAGGAAGGTGATAAGGTTAATACCCTTATCAATTGACGTTACCCGCAGAAGAAGCACCGGCTAACTCCGTGCCAGCAGCCGCGGTAATACGGAGGGTGCAAGCGTTAATCGGAATTACTGGGCGTAAAGCGCACGCAGGCGGTCAATTAAGTCAGATGTGAAAGCCCCGAGCTTAACTTGGGAATTGCATCTGAAACTGGTTGGCTAGAGTCTTGTAGAGGGGGGTAGAATTCCATGTGTAGCGGTGAAATGCGTAGAGATGTGGAGGAATACCGGTGGCGAAGGCGGCCCCCTGGACAAAGACTGACGCTCAGGTGCGAAAGCGTGGGGAGCAAACAGGATTAGATACCCTGGTAGTCCACGCTGTAAACGATGTCGATTTAGAGGTTGTGGTCTTGAACCGTGGCTTCTGGAGCTAACGCGTTAAATCGACCGCCTGGGGAGTACGGCCGCAAGGTTAAAACTCAAATGAATTGACGGGGGCCCGCACAAGCGGTGGAGCATGTGGTTTAATTCGATGCAACGCGAAGAACCTTACCTACTCTTGACATCCAGCGAATCCTTTAGAGATAGAGGAGTGCCTTCGGGAACGCTGAGACAGGTGCTGCATGGCTGTCGTCAGCTCGTGTTGTGAAATGTTGGGTTAAGTCCCGCAACGAGCGCAACCCTTATCCTTTGTTGCCAGCACGTAATGGTGGGAACTCAAAGGAAACTGCCG
32,2016?,Vicki,Edit 1-3 PS3,papillae,Columbia agar + 5% sheeps blood,Viki_Iso_32.616F_11,yes,CACGGCCCAGACTCCTACGGGAGGCAGCAGTAGGGAATCTTCCGCAATGGACGAAAGTCTGACGGAGCAACGCCGCGTGAGTGATGAAGGTTTTCGGATCGTAAAACTCTGTTGTTAGGGAAGAACAAGTACCGTTCGAATAGGGCGGCACCTTGACGGTACCTAACCAGAAAGCCACGGCTAACTACGTGCCAGCAGCCGCGGTAATACGTAGGTGGCAAGCGTTGTCCGGAATTATTGGGCGTAAAGCGCGCGCAGGCGGTTTCTTAAGTCTGATGTGAAAGCCCCCGGCTCAACCGGGGAGGGTCATTGGAAACTGGGGAACTTGAGTGCAGAAGAGGAGAGTGGAATTCCACGTGTAGCGGTGAAATGCGTAGAGATGTGGAGGAACACCAGTGGCGAAGGCGACTCTCTGGTCTGTAACTGACGCTGAGGCGCGAAAGCGTGGGGAGCGAACAGGATTAGATACCCTGGTAGTCCACGCCGTAAACGATGAGTGCTAAGTGTTAGAGGGTTTCCGCCCTTAGTGCTGCAGCAAACGCATAAGCACT
1,31-07-2019,Cam,Clinic,fluid,Marine beef broth (Cam recipe),Cam_31072019_Iso_1_27F_35,no,CTTACCATGCAAGTCGAACGAAGCAACTTATTACGATCCCTTCGGGGTGACGATTTGTTGACTGAGTGGCGGACGGGTGAGTAACGCGTGGGTAACCTGCCTTGTACAGGGGGACAACAGTTGGAAACGACTGCTAATACCGCATAAGCGCACAGCTTCGCATGAAGCAGTGTGAAAAGTTTTTCGGTACAAGATGGACCC
2,31-07-2019,Cam,Clinic,fluid,Marine beef broth (Cam recipe),Cam_31072019_Iso_2_27F_40,no,CTTACACATGCAAGTCGAACGAGACGATTGAAAGCTTGCTTTTGAGAGTCGAGTGGCAAACGGGTGAGTAACGCGTAGACAACCTGCCGCAAAGATGGGGACAACAGTCCGAAAGGACTGCTAATACCGAATGTTGTGCAATCTCCGCATGGAGGATGCATTAAAGATGGCCTCTACTTGTAAGCTATCGCTTTGTGATGGGTCTGCGTCTGATTAGCTAGTTGGTGGGGTAACGGCCTACCAAGGCGACGATCAGTAGCCGGTCTGAGAGGATGAACGGCCACATTGGAACTGAGACACGGTCCAGACTCCTACGGGAGGCAGCAGTGGGGAATCTTCCGCAATGGGCGAAAGCCTGACGGAGCAACGCCGCGTGAGTGAAGAAGGGTTTCGGCTCGTAAAGCTCTGTTGTCGGGGACGAATGTGCAAGATGCGAACAGTTTCTTGCAATGACGGTACCTGACGAGGAAGCCACGGCTAACTACGTGCCAGCAGCCGCGGTAATACGTAGGTGGCGAGCGTTGTCCGGAATTATTGGGCGTAAAGGGAGCGCAGGCGGGAAGGCAAGTCAGTCTTAAAAGTGCGGGGCTCAACCCCGTGATGGGATTGAAACTGTCTTTCTTGAGTGCAGGAGAGGAAAGCGGAATTCCTAGTGTAGCGGTGAAATGCGTAGATATTAGGAGGAACACCAGTGGCGAAGGCGGCTTTCTGGACTGTAACTGACGCTGAGGCTCGAAAGCGTGGGGAGCGAACAGGATTAGATACCCTGGTAGTCCACGCCGTAAACGATGAATGCTAGGTGTAGGAGGTATCGACCCCTTCTGTGCCGGAGTTAACGCAATAAGCATTCCGCCTGGGGAGTACGGTCGCAAGACTGAAACTCAAAGGAATTGACGGGGGCCCGCACAAGCGGTGGAGTATGTGGTTTAATTCGACGCAACGCGAAGAACCTTACCAGGGCTTGACATTGAGTGAAAGACTTAGAGATAAGTCCCTCTCTTCGGAGACACGAAAACAGGTGGTGCATGGCTGTCGTCAGCTCGTGTCGTGAGATGTTGGGTTAAGTCCCGCAACGAGCGCAACCCCTATCATTTGTTGCAGCACGTTATGGTGGGAACTCAAATGAGACTGC
3,31-07-2019,Cam,Clinic,fluid,Marine beef broth (Cam recipe),Cam_31072019_Iso_3_27F_42,no,GACAACCTGCCGCAAAGATGGGGACAACAGTCCGAAAGGACTGCTAATACCGAATGTTGTCAGATTCCCGCATGGGAGACTGATTAAAGATGGCCTCTACTTGTAAGCTATCGCTTTGCGATGGGTCTGCGTCTGATTAGCTAGTTGGTGGGGTAACGGCCTACCAAGGCGACGATCAGTAGCCGGTCTGAGAGGATGAACGGCCACATTGGAACTGAGACACGGTCCAGACTCCTACGGGAGGCAGCAGTGGGGAATCTTCCGCAATGGGCGAAAGCCTGACGGAGCAACGCCGCGTGAGTGAAGAAGGGTTTCGGCTCGTAAAGCTCTGTTGACGGGGACGAATGTGCGAAATGCGAATAGTTTTTCGCAATGACGGTACCCGTCGAGGAAGCCACGGCTAACTACGTGCCAGCAGCCGCGGTAATACGTAGGTGGCGAGCGTTGTCCAGAATTATTGGGCGTAAAGGGAGCGCAGGCGGGAAGGCAAGTCAGTCTTAAAAGTGCGGGGCTCAACCCCGTGATGGGATTGAAACTGTCTTTCTTGAGTGCAGGAGAGGAAAGCGGAATTCCTAGTGTAGCGGTGAAATGCGTAGATATTAGGAGGAACACCAGTGGCGAAGGCGGCTTTCTGGACTGTAACTGACGCTGAGGCTCGAAAGCGTGGGGAGCGAACAGGATTAGATACCCTGGTAGTCCACGCCGTAAACGATGAGTGCTAGGTGTAGGAGGTATCGACCCCTTCTGTGCCGGAGTTAACGCAATAAGCACTCCGCCTGGGGAGTACGGTCGCAAGACTGAAACTCAAAGGAATTGACGGGAGCCCGCACAAGCGGTGGAGTATGTGGTTTAATTCGACGCACCGCGGAGAACCTTACCAGGGCTTGACATTGAGTGAAAGGCTAGAAATGGGCCCCTCTCTTCGGAGACACGAAAACGGGTGGTGCATGGCTGTC
4,31-07-2019,Cam,Clinic,fluid,Marine beef broth (Cam recipe),Cam_31072019_Iso_4_27F_44,no,TTACCATGCAAGTCGAACGAAGCACTTTCTTACGATCCCTTCGGGGTGACGAGTTAGTGACTGAGTGGCGGACGGGTGAGTAACGCGTGGGTAACCTGCCTTATACAGGGGGATAACAGTTGGAAACGGCTGCTAATACCGCATAAGCGCACAGTACCGCATGGTACAGTGTGAAAAACTCCGGTGGTATAAGATGGACCCGCGTCTGATTAGCTAGTTGGTGAGGTAACGGCCCACCAAGGCGACGATCAGTAGCCGATCTGAGAGGATGAACGGCCACATTGGGACTGAGACACGGCCCAGACTCCTACGGGAGGCAGCAGTGGGGAATATTGCACAATGGGCGAAAGCCTGATGCAGCGACGCCGCGTGAGTGATGAAGTATTTCGGTATGTAAAGCTCTATCAGCAGGGAAGATAATGACGGTACCTGACTAAGAAGCACCGGCTAAATACGTGCCAGCAGCCGCGGTAATACGTATGGTGCAAGCGTTATCCGGATTTACTGGGTGTAAAGGGAGCGTAGGCGGTCTTGCAAGTCTGATGTGAAAGCCCGGGGCTCAACCGCGGGATTGCATTGGAAACTGTAGGACTTGAGTATCGGAGAGGTAAGTGGAATTCCTAGTGTAGCGGTGAAATGCGTAGATATTAGGAGGAACACCAGTGGCGAAGGCGGCTTACTGGACGATAACTGACGCTGAGGCTCGAAAGCGTGGGGAGCAAACAGGATTAGATACCCTGGTAGTCCACGCCGTAAACGATGAATACTAGGTGTCGGGAGGCATAGCCTTTCGGTGCCGCAGCTAACGCAATAAGTATTCCACCTGGGGAGTACGTTCGCAAGAATGAAACTCAAAGGAATTGACGGGGACCCGCACAAGCGGTGGAGCATGTGGTTTAATTCGAAGCAACGCGAAGAACCTTACCAAGTCTTGACATCCCAATGACAAACTATGTAATGTAGTCTCTCTTCGGAGCATTGGTGACAGGTGGTGCATGGTTGTCGTCAGCTCGTGTCGTGAGATGTTGGGTTAAGTCCCGCAACGAGCGCAACCCTTGTCCTTAGTAGCCAGCAGTAAGATGGGCACTCTAGGGAGACTGCCAGGTGAACCTGGAGGAAGTGGGGATGACGTCAATCATCATGCCCCTTATGACTGGGCT
5,31-07-2019,Cam,Clinic,fluid,Marine beef broth (Cam recipe),Cam_31072019_Iso_5_27F_38,no,CTTACACATGCAAGTCGAACGAAGCACTTTCTTACGATCCCTTCGGGGTGACGAGTTAGTGACTGAGTGGCGGACGGGTGAGTAACGCGTGGGTAACCTGCCTTATACAGGGGGATAACAGTTGGAAACGGCTGCTAATACCGCATAAGCGCACAGTACCGCATGGTACAGTGTGAAAAACTCCGGTGGTATAAGATGGACCCGCGTCTGATTAGCTAGTTGGTGAGGTAACGGCCCACCAAGGCGACGATCAGTAGCCGATCTGAGAGGATGAACGGCCACATTGGGACTGAGACACGGCCCAGACTCCTACGGGAGGCAGCAGTGGGGAATATTGCACAATGGGCGAAAGCCTGATGCAGCGACGCCGCGTGAGTGATGAAGTATTTCGGTATGTAAAGCTCTATCAGCAGGGAAGATAATGACGGTACCTGACTAAGAAGCACCGGCTAAATACGTGCCAGCAGCCGCGGTAATACGTATGGTGCAAGCGTTATCCGGATTTACTGGGTGTAAAGGGAGCGTAGGCGGTCTTGCAAGTCTGATGTGAAAGCCCGGGGCTCAACCGCGGGATTGCATTGGAAACTGTAGGACTTGAGTATCGGAGAGGTAAGTGGAATTCCTAGTGTAGCGGTGAAATGCGTAGATATTAGGAGGAACACCAGTGGCGAAGGCGGCTTACTGGACGATAACTGACGCTGAGGCTCGAAAGCGTGGGGAGCAAACAGGATTAGATACCCTGGTAGTCCACGCCGTAAACGATGAATACTAGGTGTCGGGAGGCATAGCCTTTCGGTGCCGCAGCTAACGCAATAAGTATTCCACCTGGGGAGTACGTTCGCAAGAATGAAACTCAAAGGAATTGACGGGGACCCGCACAAGCGGTGGAGCATGTGGTTTAATTCGAAGCAACGCGAAGAACCTTACCAAGTCTTGACATCCCAATGACAAACTATGTAATGTAGTCTCTCTTCGGAGCATTGGTGACAGGTGGTGCATGGTTGTCGTCAGCTCGTGTCGTGAGATGTTGGGTTAAGTCCCGCAACGAGCGCAACCCTTGTCCTTAGTAGCCAGCAGTAAGATGGGCACTCTAGGGAGCTGCCAGGTGAACCTGGAGGAAGGTGGGATGAGTCAATCATCATGCCCCTATGACTGG
6,31-07-2019,Cam,Clinic,fluid,Marine beef broth (Cam recipe),Cam_31072019_Iso_6_27F_41,no,ATGCAAGTCGAACGAAGCAACTTATTACGATCCCTTCGGGGTGACGATTTGTTGACTGTGTGGCGGACGGGTGAGTAACGCGTGGGTAACCTGCCTTGTACAGGGGGACAACAGTTGGAAACGACTGCTAATACCGCATAAGCGCACAGCTTCGCATGAAGCAGTGTGAAAAGTTTTT
7,31-07-2019,Cam,Clinic,fluid,Marine beef broth (Cam recipe),Cam_31072019_Iso_7_27F_37,no,TGCAAGTAGAACGCTGAAGACTTTAGCTTGCTAAAGTTGGAAGAGTTGCGAACGGGTGAGTAACGCGTAGGTAACCTGCCTACTAGCGGGGGATAACTATTGGAAACGATAGCTAATACCGCATAACAGCATTTAACACATGTTAGATGCTTGAAAGGAGCAATTGCTTCACTAGTAGATGGACCTGCGTTGTATTAGCTAGTTGGTGAGGTAACGGCTCACCAAGGCGACGATACATAGCCGACCTGAGAGGGTGATCGGCCACACTGGGACTGAGACACGGCCCAGACTCCTACGGGAGGCAGCAGTAGGGAATCTTCGGCAATGGGGGCAACCCTGACCGAGCAACGCCGCGTGAGTGAAGAAGGTTTTCGGATCGTAAAGCTCTGTTGTAAGAGAAGAACGTGTGTGAGAGTGGAAAGTTCACACAGTGACGGTAACTTACCAGAAAGGGACGGCTAACTACGTGCCAGCAGCCGCGGTAATACGTAGGTCCCGAGCGTTGTCCGGATTTATTGGGCGTAAAGCGAGCGCAGGCGGTTTAATAAGTCTGAAGTTAAAGGCAGTGGCTTAACCATTGTTCGCTTTGGAAACTGTTAGACTTGAGTGCAGAAGGGGAGAGTGGAATTCCATGTGTAGCGGTGAAATGCGTAGATATATGGAGGAACACCGGTGGCGAAAGCGGCTCTCTGGTCTGTAACTGACGCTGAGGCTCGAAAGCGTGGGGAGCAAACAGGATTAGATACCCTGGTAGTCCACGCCGTAAACGATGAGTGCTAGGTGTTAGGCCCTTTCCGGGGCTTAGTGCCGCAGCTAACGCATTAAGCACTCCGCCTGGGGAGTACGACCGCAAGGTTGAAACTCAAAGGAATTGACGGGGGCCCGCACAAGCGGTGGAGCATGTGGTTTAATTCGAAGCAACGCGAAGAACCTTACCAGGTCTTGACATCCCGATGCTATTCCTAGAGATAGGAAGTTTCTTCGGAACATCGGTGACAGGTGGTGCATGGTTGTCGTCAGCTCGTGTCGTGAGATGTTGGGTTAAGTCCCGCAACGAGCGCAACCCCTATTGTTAGTTGCCATCATTAAGTTGGGCACTCTAGCGAGACTGCCGGTAATAACCGGAGGAAGGGGGGGATGACGTCAAATCATCATGCCCCTTATGACCTGGGCTA
8,31-07-2019,Cam,Clinic,fluid,Marine beef broth (Cam recipe),Cam_31072019_Iso_8_27F_43,yes,GTGGGGAATCTTCCGCAATGGGCGAAAGCCTGACGGAGCAACGCCGCGTGAGTGAAGAAGGTCTTCGGATCGTAAAGCTCTGTTGTCGGGGACGAATGTACCTTTTGTGAATAATGAGAGGTAATGACGGTACCTGACGAGGAAGCCACGGCTAACTACGTGCCAGCAGCCGCGGTAATACGTAGGTGGCGAGCGTTGTCCGGAATTATTGGGCGTAAAGGGAGCGCAGGCGGGAAGGCAAGTCAGTCTTAAAAGTGCGGGGCTCAACCCCGTGATGGGATTGAAACTGTCTTTCTTGAGTGCAGGAGAGGAAAGCGGAATTCCTAGTGTAGCGGTGAAATGCGTAGATATTAGGAGGAACACCAGTGGCGAAGGCGGCTTTCTGGACTGTAACTGACGCTGAGGCTCGAAAGCGTGGGGAGCGAACAGGATTAGATACCCTGGTAGTCCACGCCGTAAACGATGAATGCTACGGTGTAGGAGGTATCGAACCCCTTTCTGTGCCGGGAGTTAACGCAATAAGGCATTCCGCCCTGGGGGAGTACGGGTCGCAAGGACTGAAAACTCAAAAGGAAACTTGACGG
9,31-07-2019,Cam,Clinic,fluid,Marine beef broth (Cam recipe),Cam_31072019_Iso_9_27F_36,yes,TGCAAGTAGAACGCTGAAGACTTTAGCTTGCTAAAGTTGGAAGAGTTGCGAACGGGTGAGTAACGCGTAGGTAACCTGCCTACTAGCGGGGGATAACTATTGGAAACGATAGCTAATACCGCATAACAGCATTTAACACATGTTAGATGCTTGAAAGGAGCAATTGCTTCACTAGTAGATGGACCTGCGTTGTATTAGCTAGTTGGTGAGGTAACGGCTCACCAAGGCGACGATACATAGCCGACCTGAGAGGGTGATCGGCCACACTGGGACTGAGACACGGCCCAGACTCCTACGGGAGGCAGCAGTAGGGAATCTTCGGCAATGGGGGCAACCCTGACCGAGCAACGCCGCGTGAGTGAAGAAGGTTTTCGGATCGTAAAGCTCTGTTGTAAGAGAAGAACGTGTGTGAGAGTGGAAAGTTCACACAGTGACGGTAACTTACCAGAAAGGGACGGCTAACTACGTGCCAGCAGCCGCGGTAATACGTAGGTCCCGAGCGTTGTCCGGATTTATTGGGCGTAAAGCGAGCGCAGGCGGTTTAATAAGTCTGAAGTTAAAGGCAGTGGCTTAACCATTGTTCGCTTTGGAAACTGTTAGACTTGAGTGCAGAAGGGGAGAGTGGAATTCCATGTGTAGCGGTGAAATGCGTAGATATATGGAGGAACACCGGTGGCGAAAGCGGCTCTCTGGTCTGTAACTGACGCTGAGGCTCGAAAGCGTGGGGAGCAAACAGGATTAGATACCCTGGTAGTCCACGCCGTAAACGATGAGTGCTAGGTGTTAGGCCCTTTCCGGGGCTTAGTGCCGCAGCTAACGCATTAAGCACTCCGCCTGGGGAGTACGACCGCAAGGTTGAAACTCAAAGGAATTGACGGGGGCCCGCACAAGCGGTGGAGCATGTGGTTTAATTCGAAGCAACGCGAAGAACCTTACCAGGTCTTGACATCCCGATGCTATTCCTAGAGATAGGAAGTTTCTTCGGAACATCGGTGACAGGTGGTGCATGGTTGTCGTCAGCTCGTGTCGTGAGATGTTGGGTTAAGTCCCGCACGAGCGCAACCCCTATTGTTAGTTGCCATCATTAAGTTGGGCACTCTAGCGAGACTGCCGGTATAAACCGGAGGAAGGTGGGGATGACGTC
10,31-07-2019,Cam,Clinic,fluid,Marine beef broth (Cam recipe),Cam_31072019_Iso_10_27F_34,yes,TGCAAGTAGAACGCTGAAGACTTTAGCTTGCTAAAGTTGGAAGAGTTGCGAACGGGTGAGTAACGCGTAGGTAACCTGCCTACTAGCGGGGGATAACTATTGGAAACGATAGCTAATACCGCATAACAGCATTTAACACATGTTAGATGCTTGAAAGGAGCAATTGCTTCACTAGTAGATGGACCTGCGTTGTATTAGCTAGTTGGTGAGGTAACGGCTCACCAAGGCGACGATACATAGCCGACCTGAGAGGGTGATCGGCCACACTGGGACTGAGACACGGCCCAGACTCCTACGGGAGGCAGCAGTAGGGAATCTTCGGCAATGGGGGCAACCCTGACCGAGCAACGCCGCGTGAGTGAAGAAGGTTTTCGGATCGTAAAGCTCTGTTGTAAGAGAAGAACGTGTGTGAGAGTGGAAAGTTCACACAGTGACGGTAACTTACCAGAAAGGGACGGCTAACTACGTGCCAGCAGCCGCGGTAATACGTAGGTCCCGAGCGTTGTCCGGATTTATTGGGCGTAAAGCGAGCGCAGGCGGTTTAATAAGTCTGAAGTTAAAGGCAGTGGCTTAACCATTGTTCGCTTTGGAAACTGTTAGACTTGAGTGCAGAAGGGGAGAGTGGAATTCCATGTGTAGCGGTGAAATGCGTAGATATATGGAGGAACACCGGTGGCGAAAGCGGCTCTCTGGTCTGTAACTGACGCTGAGGCTCGAAAGCGTGGGGAGCAAACAGGATTAGATACCCTGGTAGTCCACGCCGTAAACGATGAGTGCTAGGTGTTAGGCCCTTTCCGGGGCTTAGTGCCGCAGCTAACGCATTAAGCACTCCGCCTGGGGAGTACGACCGCAAGGTTGAAACTCAAAGGAATTGACGGGGGCCCGCACAAGCGGTGGAGCATGTGGTTTAATTCGAAGCAACGCGAAGAACCTTACCAGGTCTTGACATCCCGATGCTATTCCTAGAGATAGGAAGTTTCTTCGGAACATCGGTGACAGGTGGTGCATGGTTGTCGTCAGCTCGTGTCGTGAGATGTTGGGTTAAGTCCCGCAACGAGCGCAACCCCTATTGTTAGTTGCCATCATTAAGTTGGGCACTCTAGCGAGACTGCCGGTATAAACCGGAGGAAGGTGGGGAT
1,02-07-2019,Monika,Clinic,fluid,YPD (Monika recipe),1_T47_YPD_16S.1492R_51,yes,TAAACCACATGCTCCACCGCTTGTGCCGGCCCCCGTCAATTCCTTTGAGTTTCAGTCTTGCCACCGTACTCCCCAGGCGGAGTGCTTAATGCCTTTGCTGCAGCACTAAAGGGCGGAAACCCCCTAACACTTAGCACTCATCGTTTACGGCGTGGACTACCAGGGTATCTAATCCTGTTCGCTCCCCACGCTTTCGCGCCTCAGCGTCAGTTACAGACCAGAGAGTCGCCTTCGCCACTGGTGTTCCTCCACATCTCTACGCATTTCACCGCTACACGTGGAATTCCACTCTCCTCTTCTGCACTCAAGTTCCCCAGTTTCCAATGACCCTCCCCGGGTGAGCCGGGGGCTTTCACATCAGACTTAAGAAACCGCCTGCGCGCGCCTTTACGCCCAATAATTCCGGACAACGCTTGCCACCTACGTATTACCGCGGCTGCTGGCCCGTAATTAGCCCTGGCTTTCTGGTTAGGTACCGTCAAGGTACCGCCCTATTCGAACGGTACTTGTTCTTCCC
2,02-07-2019,Monika,Clinic,fluid,YPD (Monika recipe),2_T47_YPD_16S.1492R_52,yes,CTTCGGCGGCTGGCTCCTAAAAGGTTACCTCACCGACTTCGGGTGTTACAAACTCTCGTGGTGTGACGGGCGGTGTGTACAAGGCCCGGGAACGTATTCACCGCGGCATGCTGATCCGCGATTACTAGCGATTCCAGCTTCACGCAGTCGAGTTGCAGACTGCGATCCGAACTGAGAACAGATTTGTGGGATTGGCTTAACCTCGCGGTTTCGCTGCCCTTTGTTCTGTCCATTGTAGCACGTGTGTAGCCCAGGTCATAAGGGGCATGATGATTTGACGTCATCCCCACCTTCCTCCGGTTTGTCACCGGCAGTCACCTTAGAGTGCCCAACTGAATGCTGGCAACTAAGATCAAGGGTTGCGCTCGTTGCGGGACTTAACCCAACATCTCACGACACGAGCTGACGACAACCATGCACCACCTGTCACTCTGCCCCCGAAGGGGACGTCCTATCTCTAGGATTGTCAGAGGATGTCAAGACCTGGTAAGGTTCTTCGCGTTGCTTCGAATTAAACCACATGCTCCACCGCTTGTGCGGGCCCCCGTCAATTCCTTTGAGTTTCAGTCTTGCGACCGTACTCCCCAGGCGGAGTGCTTAATGCGTTAGCTGCAGCACTAAGGGGCGGAGACCCCCTAACACTTAGCACTCATCGTTTACGGCGTGGACTACCAGGGTATCTAATCCTGTTCGCTCCCCACGCTTTCGCTCCTCAGCGTCAGTTACAGACCAGAGAGTCGCCTTCGCCACTGGTGTTCCTCCACATCTCTACGCATTTCACCGCTACACGTGGAATTCCACTCTCCTCTTCTGCACTCAAGTTCCCCAGTTTCCAATGACCCTCCCCGGTTGAGCCGGGGGCTTTCACATCAGACTTAAGAAACCGCCTGCGAGCCCTTTACGCCCAATAATTCCGGACAACGCTTGCCACCTACGTATTACCGCGGCTGCTGGCACGTAGTTAGCCGTGGCTTTCTGGTTAGGTACCGTCAAGGTACCGCCCTATTCGAACGGTACTTGTTCTTCCCTAACAACAGAGCTTTACGATCCGAAAACCTTCATCACTCACGCGGCGTTGCTCCTTCAGACTTTCGTCCATTGCGGAAGATTCCCTACTGCTGCCTCCCGTA
3,02-07-2019,Monika,Clinic,fluid,YPD (Monika recipe),3_T47_YPD_16S.1492R_53,yes,CCTTCGACACTCCCTCCAAACGGGTTGGGCCATGGGCTTCGGGTGTTACCAACTTTCATGACGTGACGGGCGGTGTGTACAAGGCCCGGGAACGTATTCACCGCAGCGTTGCTGATCTGCGATTACTAGCGACTCCGACTTCATGGGGTCGAGTTGCAGACCCCAATCCGAACTGAGGCCGGCTTTCAGCGATTCGCTCACCCTCACAGGCTCGCAGCGCGTTGTACCGACCATTGTAGCATGTGTGAAGCCCTGGACATAAGGGGCATGATGATTTGACGTCATCCCCACCTTCCTCCGAGTTAACCCCGGCAGTCTCTCATGAGTCCCCACCATAACGTGCTGGCAACATAAGACAAGGGTTGCGCTCGTTGCGGGACTTAACCCAACATCTCACGACACGAGCTGACGACAACCATGCACCACCTGTATACAGACCACAAGGGAAAACGTATCTCTACGCCGATCCTGCATATGTCAAGCCCAGGTAAGGTTCTTCGCGTTGCATCGAATTAATCCACATGCTCCGCCGCTTGTGCGGGCCCCCGTCAATTCCTTTGAGTTTTAGCCTTGCGGCCGTACTCCCCAGGCGGGGCGCTTAATGCGTTAGCTACGGCACAGAAGTCGTGGAAGACCCCTACACCTAGCGCCCACCGTTTACGGCATGGACTACCAGGGTATCTAATCCTGTTCGCTCCCCATGCTTTCGCTCCTCAGCGTCAGTTACTGCCCAGAGACCTGCCTTCGCCATCGGTGTTCCTCCTGATATCTGCGCATTCCACCGCTACACCAGGAATTCCAGTCTCCCCTACAGCACTCAAGTTATGCCCGTATCGCCTGCACGCCCGAAGTTAAGCCCCGGAATTTCACAGACGACGCGACAAACCACCTACGAGCTCTTTACGCCCAGTAATTCCGGACAACGCTCGCACCCTACGTATTACCGCGGCTGCTGGCACATAGTTAGCCGGTGCTTCTTATACAGGTACCGTCACAAAAGCTTCGTCCCTGTCGAAAGAGGTTTACAACCCGAAGGCCGTCATCCCCCACGCGGCGTCGCTGCATCAGGCTTACGCCCATTGTGCAATATTCCCACTGCTGCTTCCGTAGGAGTCTGGGCCGTATCTCAGTCCAA
4,02-07-2019,Monika,Clinic,fluid,YPD (Monika recipe),4_T47_YPD_16S.1492R_54,yes,CTTCGGCGGCTGGCTCATAAAGGTTACCTCACCGACTTCGGGTGTTGCAAACTCTCGTGGTGTGACGGGCGGTGTGTACAAGGCCCGGGAACGTATTCACCGCGGCATGCTGATCCGCGATTACTAGCGATTCCAGCTTCACGCAGTCGAGTTGCAGACTGCGATCCGAACTGAGAACAGATTTATGGGATTGGCTAAACCTTGCGGTCTTGCAGCCCTTTGTTCTGTCCATTGTAGCACGTGTGTAGCCCAGGTCATAAGGGGCATGATGATTTGACGTCATCCCCACCTTCCTCCGGTTTGTCACCGGCAGTCACCTTAGAGTGCCCAACTGAATGCTGGCAACTAAGATCAAGGGTTGCGCTCGTTGCGGGACTTAACCCAACATCTCACGACACGAGCTGACGACAACCATGCACCACCTGTCACTCTGTCCCCGAAGGGAAAGCCCTATCTCTAGGGTTGTCAGAGGATGTCAAGACCTGGTAAGGTTCTTCGCGTTGCTTCGAATTAAACCACATGCTCCACCGCTTGTGCGGGCCCCCGTCAATTCCTTTGAGTTTCAGTCTTGCGACCGTACTCCCCAGGCGGAGTGCTTAATGCGTTAGCTGCAGCACTAAGGGGCGGAAACCCCCTAACACTTAGCACTCATCGTTTACGGCGTGGACTACCAGGGTATCTAATCCTGTTCGCTCCCCACGCTTTCGCTCCTCAGCGTCAGTTACAGACCAGAGAGTCGCCTTCGCCACTGGTGTTCCTCCACATCTCTACGCATTTCACCGCTACACGTGGAATTCCACTCTCCTCTTCTGCACTCAAGTTTCCCAGTTTCCAATGACCCTCCCCGGTTGAGCCGGGGGCTTTCACATCAGACTTAAGAAACCGCCTGCGAGCCCTTTACGCCCAATAATTCCGGACAACGCTTGCCACCTACGTATTACCGCGGCTGCTGGCACGTAGTTAGCCGTGGCTTTCTGGTTAGGTACCGTCAAGGTGCGAGCAGTTACTCTCGCACTTGTTCTTCCCTAACAACAGAGCTTTACGATCCGAAAACCTTCATCACTCACGCGGCGTTGCTCCGTCAGACTTTCGTCCTTGCGGAAGATTCCCTACTGCTGCCTCCCGTAGGAATCTGGGCC
8,02-07-2019,Monika,Clinic,fluid,Marine media (Monika recipe),8_R-0_MM.ITS1_46,yes,TTGAATGGTTATAGTGAGCATATGGGGATCAGTAGAATTAGACTGGCAACAGTCTTTCTCTGCAGAGAACTATGGCAAACTAGGCTATTTAGAGGAAGTAAAAGTCGTAACAAGGTTTCCGTAGGTGAACCTGCGGAAGGATCATTAAATAATCAATAATTTTGGCTCGTCCATTATTATCTATTTACTGTGAACTGTATTATTACTTGACGCTTGAGGGATGCTCCACTGCTATAAGGATAGGCGGTGGGGATGTTAACCGAGTCATAGTCAAGCTTAGGCTTGGTATCCTATTATTATTTACCAAAAGAATTCAGAATTAATATTGTAACATAGACCTAAAAAATCTATAAAACAACTTTTAACAACGGATCTCTTGGTTCTCGCATCGATGAAGAACGCCAGCGAA
11,02-07-2019,Monika,Clinic,fluid,YPD (Monika recipe),11_R-2_YPD_16S.1492R_55,yes,CTTAGGCGGCTGGCTCCAAAGGTTACCTCACCGACTTCGGGTGTTACAAACTCTCGTGGTGTGACGGGCGGTGTGTACAAGGCCCGGGAACGTATTCACCGCGGCGTGCTGATCCGCGATTACTAGCGATTCCGACTTCATGTAGGCGAGTTGCAGCCTACAATCCGAACTGAGATTGGCTTTAAGAGATTTGCTTGCCGTCACCGACTCGCGACTCGTTGTACCAACCATTGTAGCACGTGTGTAGCCCAGGTCATAAGGGGCATGATGATTTGACGTCATCCCCACCTTCCTCCGGTTTATTACCGGCAGTCTCGCTAGAGTGCCCAACTTAATGATGGCAACTAACAATAGGGGTTGCGCTCGTTGCGGGACTTAACCCAACATCTCACGACACGAGCTGACGACAACCATGCACCACCTGTCACCGATGTTCCGAAGAAACTTCCTATCTCTAGGAATAGCATCGGGATGTCAAGACCTGGTAAGGTTCTTCGCGTTGCTTCGAATTAAACCACATGCTCCACCGCTTGTGCGGGCCCCCGTCAATTCCTTTGAGTTTCAACCTTGCGGTCGTACTCCCCAGGCGGAGTGCTTAATGCGTTAGCTGCGGCACTAAGCCCCGGAAAGGGCCTAACACCTAGCACTCATCGTTTACGGCGTGGACTACCAGGGTATCTAATCCTGTTTGCTCCCCACGCTTTCGAGCCTCAGCGTCAGTTACAGACCAGAGAGCCGCTTTCGCCACCGGTGTTCCTCCATATATCTACGCATTTCACCGCTACACATGGAATTCCACTCTCCCCTTCTGCACTCAAGTCTAACAGTTTCCAAAGCGAACAATGGTTAAGCCACTGCCTTTAACTTCAGACTTATTAAACCGCCTGCGCTCGCTTTACGCCCAATAAATCCGGACAACGCTCGGGACCTACGTATTACCGCGGCTGCTGGCACGTAGTTAGCCGTCCCTTTCTGGTAAGTTACCGTCACTGTGTGAACTTTCCACTCTCACACACGTTCTTCTCTTACAACAGAGCTTTACGATCCGAAAACCTTCTTCACTCACGCGGCGTTGCTCGGTCAGGGTTGCCCCCATTGCCGAAGATTCCCTACTGCTGCCTCCCGTAGG
14,02-07-2019,Monika,Clinic,fluid,Marine media (Monika recipe),14_E-1_MM.ITS1_47,yes,CGATTGAATGGCTTAGTGAGGCCTCCGGATTGGTTTAAAGAAGGGGGCAACTCCATCTTGGAACCGAAAAGCTGGTCAAACTTGGTCATTTAGAGGAAGTAAAAGTCGTAACAAGGTTTCCGTAGGTGAACCTGCGGAAGGATCATTACAGTATTCTTTTTGCCAGCGCTTAATTGCGCGGCGAAAAAACCTTACACACAGTGTTTTTTGTTATTACAAGAACTCTTGCTTTGGTCTGGACTAGAAATAGTTTGGGCCAGAGGTTTACTAAACTAAACTTCAATATTTATATTGAATTGTTATTTATTTTAATTGTCAATTTGTTGATTAAATTCAAAAAATCTTCAAAACTTTCAACAACGGATCTCTTGGTTCTCGCATCGATGAAGACGCCAAGCGAA
15,02-07-2019,Monika,Clinic,fluid,Marine media (Monika recipe),15_E-0_MM_16S.1492R_56,yes,CTTCGACGGCTAGCTCCATAGATGGTTACTCCACCGGCTTCGGGTGTTACAAACTCTCGTGGTGTGACGGGCGGTGTGTACAAGACCCGGGAACGTATTCACCGTAGCATGCTGATCTACGATTACTAGCGATTCCAGCTTCATGTAGTCGAGTTGCAGACTACAATCCGAACTGAGAACAACTTTATGGGATTTGCATGACCTCGCGGTTTAGCTGCCCTTTGTATTGTCCATTGTAGCACGTGTGTAGCCCAAATCATAAGGGGCATGATGATTTGACGTCATCCCCACCTTCCTCCGGTTTGTCACCGGCAGTCAACTTAGAGTGCCCAACTTAATGCTGGCAACTAAGCTTAAGGGTTGCGCTCGTTGCGGGACTTAACCCAACATCTCACGACACGAGCTGACGACAACCATGCACCACCTGTCACTTTGTCCCCCGAAGGGGAAGGCTCTATCTCTAGAGTTGTCAAAGGATGTCAAGATTTGGTAAGGTTCTTCGCGTTGCTTCGAATTAAACCACATGCTCCACCGCTTGTGCGGGTCCCCGTCAATTCCTTTGAGTTTCAACCTTGCGGTCGTACTCCCCAGGCGGAGTGCTTAATGCGTTAGCTGCAGCACTAAGGGGCGGAGACCCCCTAACACTTAGCACTCATCGTTTACGGCGTGGACTACCAGGGTATCTAATCCTGTTTGATCCCCACGCTTTCGCACATCAGCGTCAGTTACAGACCAGAAAGTCGCCTTCGCCACTGGTGTTCCTCCATATCTCTGCGCATTTCACCGCTACACATGGAATTCCACTTTCCTCTTCTGCACTCAAGTTTCCCAGTTTCCAATGACCCTCCACGGTTGAGCCGTGGGCTTTCACATCAGACTTAAGAAACCGCCTACGCGCGCTTTACGCCCAATAATTCCGGATAACGCTTGCCACCTACGTATTACCGCGCCTGCTGGCACGTAGTTAGCCGTGGCTTTCTGATTAGGTACCGTCAAGACGTGCACAGTTACTTACACATTTGTTCTTCCCTAATAACAGAGTTTTACGATCCGAAGACCTTCAT
16,02-07-2019,Monika,Clinic,fluid,Marine media (Monika recipe),16_E-0_MM.ITS1_48,yes,GAATTGAATGGTTATAGTGAGCATATGGGGATCAGTAGAATTAGACTGGCAACAGTCTTTCTCTGCAGAGAACTATGGCAAACTAGGCTATTTAGAGGAAGTAAAAGTCGTAACAAGGTTTCCGTAGGTGAACCTGCGGAAGGATCATTAAATAATCAATAATTTTGGCTCGTCCATTATTATCTATTTACTGTGAACTGTATTATTACTTGACGCTTGAGGGATGCTCCACTGCTATAAGGATAGGCGGTGGGGATGTTAACCGAGTCATAGTCAAGCTTAGGCTTGGTATCCTATTATTATTTACCAAAAGAATTCAGAATTAATATTGTAACATAGACCTAAAAAATCTATAAAACAACTTTTAACAACGGATCTCTTGGTTCTCGCATCGATGAAGAACGCCAGCGAA
17,02-07-2019,Monika,Clinic,fluid,Marine media (Monika recipe),17_E-0_MM.ITS1_49,yes,GAATTGAATGGTTATAGTGAGCATATGGGATCAGTAGAATTAGACTGGCAACAGTCTTTCTCTGCAGAGAACTATGGCAAACTAGGCTATTTAGAGGAAGTAAAAGTCGTAACAAGGTTTCCGTAGGTGAACCTGCGGAAGGATCATTAAATAATCAATAATTTTGGCTCGTCCATTATTATCTATTTACTGTGAACTGTATTATTACTTGACGCTTGAGGGATGCTCCACTGCTATAAGGATAGGCGGTGGGGATGTTAACCGAGTCATAGTCAAGCTTAGGCTTGGTATCCTATTATTATTTACCAAAAGAATTCAGAATTAATATTGTAACATAGACCTAAAAAATCTATAAAACAACTTTTAACAACGGATCTCTTGGTTCTCGCATCGATGAAGAA
18,02-07-2019,Monika,Clinic,fluid,YPD (Monika recipe),18_E-2_YPD_16S.1492R_57,yes,CTTAGGCGGCTGGCTCCAAAGGTTACCTCACCGACTTCGGGTGTTACAAACTCTCGTGGTGTGACGGGCGGTGTGTACAAGGCCCGGGAACGTATTCACCGCGGCGTGCTGATCCGCGATTACTAGCGATTCCGGCTTCATGCAGGCGAGTTGCAGCCTGCAATCCGAACTGAGAGAAGCTTTAAGAGATTAGCTTAGCCTCGCGACTTCGCAACTCGTTGTACTTCCCATTGTAGCACGTGTGTAGCCCAGGTCATAAGGGGCATGATGATTTGACGTCATCCCCACCTTCCTCCGGTTTGTCACCGGCAGTCTCGCTAGAGTGCCCAACTGAATGATGGCAACTAACAATAAGGGTTGCGCTCGTTGCGGGACTTAACCCAACATCTCACGACACGAGCTGACGACAACCATGCACCACCTGTCACTTTGTCCCCGAAGGGAAAGCTCTATCTCTAGAGTGGTCAAAGGATGTCAAGACCTGGTAAGGTTCTTCGCGTTGCTTCGAATTAAACCACATGCTCCACCGCTTGTGCGGGCCCCCGTCAATTCCTTTGAGTTTCAGCCTTGCGGCCGTACTCCCCAGGCGGAGTGCTTAATGCGTTAGCTGCAGCACTGAAGGGCGGAAACCCTCCAACACTTAGCACTCATCGTTTACGGCGTGGACTACCAGGGTATCTAATCCTGTTTGCTCCCCACGCTTTCGAGCCTCAGCGTCAGTTACAGACCAGAGAGCCGCCTTCGCCACTGGTGTTCCTCCATATATCTACGCATTTCACCGCTACACATGGAATTCCACTCTCCTCTTCTGCACTCAAGTCTCCCAGTTTCCAATGACCCTCCCCGGTTGAGCCGGGGGCTTTCACATCAGACTTAAGAGACCGCCTGCGCTCGCTTTACGCCCAATAAATCCGGACAACGCTTGCCACCTACGTATTACCGCGGCTGCTGGCACGTAGTTAGCCGTGGCTTTCTGGTTAGATACCGTCAAGGGGTGAACATTCTACTCTCACCCTTGTTCTTCTCTAACAACAGAGTTTTACGATCCGAAAACCTTCTTCACTCACGCGGCGTTGCTCGGTCAGACTTTCGTCCATTGCCGAAGATTCCCTACTGCTGCCTCCCGTAGGAGTCTGGGCCGTGTCTCAGTCCCAGTGTGGCCGATCACCTTTCAGGTCGGCTATGCATCGTGGCCTTG
19,02-07-2019,Monika,Clinic,fluid,YPD (Monika recipe),19_E-2_YPD_16S.1492R_58,yes,CTTAGGCGGCTGGCTCCAAAGGTTACCTCACCGACTTCGGGTGTTACAAACTCTCGTGGTGTGACGGGCGGTGTGTACAAGGCCCGGGAACGTATTCACCGCGGCGTGCTGATCCGCGATTACTAGCGATTCCGACTTCATGTAGGCGAGTTGCAGCCTACAATCCGAACTGAGATTGGCTTTAAGAGATTTGCTTGCCGTCACCGACTCGCGACTCGTTGTACCAACCATTGTAGCACGTGTGTAGCCCAGGTCATAAGGGGCATGATGATTTGACGTCATCCCCACCTTCCTCCGGTTTATTACCGGCAGTCTCGCTAGAGTGCCCAACTTAATGATGGCAACTAACAATAGGGGTTGCGCTCGTTGCGGGACTTAACCCAACATCTCACGACACGAGCTGACGACAACCATGCACCACCTGTCACCGATGTTCCGAAGAAACTTCCTATCTCTAGGAATAGCATCGGGATGTCAAGACCTGGTAAGGTTCTTCGCGTTGCTTCGAATTAAACCACATGCTCCACCGCTTGTGCGGGCCCCCGTCAATTCCTTTGAGTTTCAACCTTGCGGTCGTACTCCCCAGGCGGAGTGCTTAATGCGTTAGCTGCGGCACTAAGCCCCGGAAAGGGCCTAACACCTAGCACTCATCGTTTACGGCGTGGACTACCAGGGTATCTAATCCTGTTTGCTCCCCACGCTTTCGAGCCTCAGCGTCAGTTACAGACCAGAGAGCCGCTTTCGCCACCGGTGTTCCTCCATATATCTACGCATTTCACCGCTACACATGGAATTCCACTCTCCCCTTCTGCACTCAAGTCTAACAGTTTCCAAAGCGAACAATGGTTAAGCCACTGCCTTTAACTTCAGACTTATTAAACCGCCTGCGCTCGCTTTACGCCCAATAAATCCGGACAACGCTCGGGACCTACGTATTACCGCGGCTGCTGGCACGTAGTTAGCCGTCCCTTTCTGGTAAGTTACCGTCACTGTGTGAACTTTCCACTCTCACACACGTTCTTCTCTTACAACAGAGCTTTACGATCCGAAAACCTTCTTCACTCACGCGGCGTTGCTCGGTCAGGGTTGCCCCCATTGCCGAAGATTCCCTACTGCTGCCTCCCGTAG
20,02-07-2019,Monika,Clinic,fluid,YPD (Monika recipe),20_E-2_YPD_16S.1492R_59,yes,CTTAGACGGCTGGCTCATAAATGGTTACCCCACCGGCTTCGGGTGTTACAAACTCTCGTGGTGTGACGGGCGGTGTGTACAAGGCCCGGGAACGTATTCACCGCGGCATGCTGATCCGCGATTACTAGCGATTCCGGCTTCATGTAGTCGAGTTGCAGACTACAATCCGAACTGAGAACGGTTTTATGAGATTGGCTAACCCTCGCGGGCTTGCAGCTCTTTGTACCGTCCATTGTAGCACGTGTGTAGCCCAGGTCATAAGGGGCATGATGATTTGACGTCATCCCCACCTTCCTCCGGTTTGTCACCGGCAGTCTCCTTAGAGTGCCCAACTAAATGATGGCAACTAAGAATAAGGGTTGCGCTCGTTGCGGGACTTAACCCAACATCTCACGACACGAGCTGACGACAACCATGCACCACCTGTCACCAATGTCCCCGAAGGGAAAATCTTATCTCTAAGACGGTCATTGGGATGTCAAGACCTGGTAAGGTTCTTCGCGTTGCTTCGAATTAAACCACATGCTCCACCGCTTGTGCGGGCCCCCGTCAATTCCTTTGAGTTTCAACCTTGCGGTCGTACTCCCCAGGCGGAGTGCTTAATGCGTTAGCTGCAGCACTAAGGGGCGGAAACCCCCTAACACTTAGCACTCATCGTTTACGGCGTGGACTACCAGGGTATCTAATCCTGTTTGCTCCCCACGCTTTCGCGCCTCAGTGTCAGTTACAGACCAGACAGTCGCCTTCGCCACTGGTGTTCCTCCAAATCTCTACGCATTTCACCGCTACACTTGGAATTCCACTATCCTCTTCTGCACTCAAGTCTCCCAGTTTCCAATGACCCTCCACGGTTGAGCCGTGGGCTTTCACATCAGACTTAAGAAACCACCTGCGCGCGCTTTACGCCCAATAGATCCGGACAACGCTTGCCACCTACGTATTACCGCGGCTGCTGGCACGTAGTTAGCCGTGGCTTTCTAATAAGGTACCGTCAAGGTGCGTTCATTACCTAACGCACTTGTTCTTCCCTTACAACAGAGTTTTACGATCCGAAAACCTTCATCACTCACGCGGCGTTGCTCCATCAGACTTTCGTCCATTGTGGAAGATTCCCTACTGCTGCCTCCCGTAGGATTTGG
21,02-07-2019,Monika,Clinic,fluid,YPD (Monika recipe),21_E-2_YPD_16S.1492R_60,yes,CTTCGGCGGCTGGCTCCATAAAGGTTACCTCACCGACTTCGGGTGTTGCAAACTCTCGTGGTGTGACGGGCGGTGTGTACAAGGCCCGGGAACGTATTCACCGCGGCATGCTGATCCGCGATTACTAGCGATTCCAGCTTCACGCAGTCGAGTTGCAGACTGCGATCCGAACTGAGAACAGATTTATGGGATTGGCTAAACCTTGCGGTCTCGCAGCCCTTTGTTCTGTCCATTGTAGCACGTGTGTAGCCCAGGTCATAAGGGGCATGATGATTTGACGTCATCCCCACCTTCCTCCGGTTTGTCACCGGCAGTCACCTTAGAGTGCCCAACTAAATGCTGGCAACTAAGATCAAGGGTTGCGCTCGTTGCGGGACTTAACCCAACATCTCACGACACGAGCTGACGACAACCATGCACCACCTGTCACTCTGTCCCCGAAGGGAAAGCCCTATCTCTAGGGTTGTCAGAGGATGTCAAGACCTGGTAAGGTTCTTCGCGTTGCTTCGAATTAAACCACATGCTCCACCGCTTGTGCGGGCCCCCGTCAATTCCTTTGAGTTTCAGTCTTGCGACCGTACTCCCCAGGCGGAGTGCTTAATGCGTTAGCTGCAGCACTAAGGGGCGGAAACCCCCTAACACTTAGCACTCATCGTTTACGGCGTGGACTACCAGGGTATCTAATCCTGTTCGCTCCCCACGCTTTCGCTCCTCAGCGTCAGTTACAGACCAGAGAGTCGCCTTCGCCACTGGTGTTCCTCCACATCTCTACGCATTTCACCGCTACACGTGGAATTCCACTCTCCTCTTCTGCACTCAAGTTTCCCAGTTTCCAATGACCCTCCCCGGTTGAGCCGGGGGCTTTCACATCAGACTTAAGAAACCGCCTGCGAGCCCTTTACGCCCAATAATTCCGGACAACGCTTGCCACCTACGTATTACCGCGGCTGCTGGCACGTAGTTAGCCGTGGCTTTCTGGTTAGGTACCGTCAAGGTGCGAGCAGTTACTCTCGCACTTGTTCTTCCCTAACAACAGAGCTTTACGATCCGAAAACCTTCATCACTCACGCGGCGTTGCTCCGTCAGACTTTCGTCCATTGCGGAAGATTCCCTACTGCTGCCTCCCGTAG
22,02-07-2019,Monika,Clinic,fluid,YPD (Monika recipe),22_E-2_YPD_16S.1492R_61,yes,AAGGTTACCTCACCGACTTCGGGTGTTACAAACTCTCGTGGTGTGACGGGCGGTGTGTACAAGGCCCGGGAACGTATTCACCGCGGCGTGCTGATCCGCGATTACTAGCGATTCCGACTTCATGTAGGCGAGTTGCAGCCTACAATCCGAACTGAGATTGGCTTTAAGAGATTTGCTTGCCGTCACCGACTCGCGACTCGTTGTACCAACCATTGTAGCACGTGTGTAGCCCAGGTCATAAGGGGCATGATGATTTGACGTCATCCCCACCTTCCTCCGGTTTATTACCGGCAGTCTCGCTAGAGTGCCCAACTTAATGATGGCAACTAACAATAGGGGTTGCGCTCGTTGCGGGACTTAACCCAACATCTCACGACACGAGCTGACGACAACCATGCACCACCTGTCACCGATGTTCCGAAGAAACTTCCTATCTCTAGGAATAGCATCGGGATGTCAAGACCTGGTAAGGTTCTTCGCGTTGCTTCGAATTAAACCACATGCTCCACCGCTTGTGCGGGCCCCCGTCAATTCCTTTGAGTTTCAACCTTGCGGTCGTACTCCCCAGGCGGAGTGCTTAATGCGTTAGCTGCGGCACTAAGCCCCGGAAAGGGCCTAACACCTAGCACTCATCGTTTACGGCGTGGACTACCAGGGTATCTAATCCTGTTTGCTCCCCACGCTTTCGAGCCTCAGCGTCAGTTACAGACCAGAGAGCCGCTTTCGCCACCGGTGTTCCTCCATATATCTACGCATTTCACCGCTACACATGGAATTCCACTCTCCCCTTCTGCACTCAAGTCTAACAGTTTCCAAAGCGAACAATGGTTAAGCCACTGCCTTTAACTTCAGACTTATTAAACCGCCTGCGCTCGCTTTACGCCCAATAAATCCGGACAACGCTCGGGACCTACGTATTACCGCGGCTGCTGGCACATAGTTAGCCGTCCCTTTCTGGTAGTTACCGTCACTGTGTGAACTTTCCACTCTCCACCCGTTCTTCTCTTACAACAGAACTTTACAATCCAAAAACCTTCT
23,02-07-2019,Monika,Clinic,fluid,YPD (Monika recipe),23_E-2_YPD_16S.1492R_62,yes,AAGTGGTAAGCGCCCTCCCGAAGGTTAAGCTACCTACTTCTTTTGCAACCCACTCCCATGGTGTGACGGGCGGTGTGTACAAGGCCCGGGAACGTATTCACCGTAGCATTCTGATCTACGATTACTAGCGATTCCGACTTCATGGAGTCGAGTTGCAGACTCCAATCCGGACTACGACAGACTTTATGAGTTCCGCTTGCTCTCGCGAGGTCGCTTCTCTTTGTATCTGCCATTGTAGCACGTGTGTAGCCCTACTCGTAAGGGCCATGATGACTTGACGTCATCCCCACCTTCCTCCGGTTTATCACCGGCAGTCTCCTTTGAGTTCCCGCCATCACGCGCTGGCAACAAAGGATAAGGGTTGCGCTCGTTGCGGGACTTAACCCAACATTTCACAACACGAGCTGACGACAGCCATGCAGCACCTGTCTCAGAGTTCCCGAAGGCACTCCTCTATCTCTAAAGGATTCTCTGGATGTCAAGAGTAGGTAAGGTTCTTCGCGTTGCATCGAATTAAACCACATGCTCCACCGCTTGTGCGGGCCCCCGTCAATTCATTTGAGTTTTAACCTTGCGGCCGTACTCCCCAGGCGGTCGATTTAACGCGTTAGCTCCAGAAGCCACGGTTCAAGACCACAACCTCTAAATCGACATCGTTTACAGCGTGGACTACCAGGGTATCTAATCCTGTTTGCTCCCCACGCTTTCGCACCTGAGCGTCAGTCTTTGTCCAGGGGGCCGCCTTCGCCACCGGTATTCCTCCACATCTCTACGCATTTCACCGCTACACGTGGAATTCTACCCCCCTCTACAAGACTCTAGCCAACCAGTTTCAGATGCAATTCCCAAGTTAAGCTCGGGGCTTTCACATCTGACTTAATTGACCGCCTGCGTGCGCTTTACGCCCAGTAATTCCGATTAACGCTTGCACCCTCCGTATTACCGCGGCTGCTGGCACGGAGTTAGCCGGTGCTTCTTCTGCGGGTAACGTCAATTGATAAAGGTATTAACTTTATCACCTTCCTCCCCGCTGAAAGTACTTTACAACCCTAAGGCCTTCTTCATACACGCGGCATGGCTGCATCAGGCTTGCGCCCATTGTGCAATATTCCCCACTGCTGCCTCCCGTAGGAATCTGGGCGGTGTCTCAGTCCCAGTGTGGCTGATCATC
25,02-07-2019,Monika,Clinic,fluid,Marine media (Monika recipe),25_E-0_MM.ITS1_50,yes,GGCTTAGTGAGGCCTCCGGATTGGTTTAAAGAAGGGGGCAACTCCATCTTGGAACCGAAAAGCTGGTCAAACTTGGTCATTTAGAGGAAGTAAAAGTCGTAACAAGGTTTCCGTAGGTGAACCTGCGGAAGGATCATTACAGTATTCTTTTTGCCAGCGCTTAATTGCGCGGCGAAAAAACCTTACACACAGTGTTTTTTGTTATTACAAGAACTCTTGCTTTGGTCTGGACTAGAAATAGTTTGGGCCAGAGGTTTACTAAACTAAACTTCAATATTTATATTGAATTGTTATTTATTTTAATTGTCAATTTGTTGATTAAATTCAAAAAATCTTCAAAACTTTCAACAACGGATCTCTTGGTTCTCGCATCGATGAAGAACGCCAGCGAAAAA
21,2016?,Cam,Narbe 2-5 PS3,papillae,Columbia agar + 5% sheeps blood,i21_1_1492R_32,yes,GGTAGGGCCACAGGGCTTCGGGTGTTGCCGACTTTCGTGACGTGACGGGCGGTGTGTACAAGGCCCGAGAACGTATTCACCGCAGCGTTGCTGATCTGCGATTACTAGCGACTCCGACTTCACGGGGTCGAGTTGCAGACCCCGATCCGAACTGAGACCGGCTTTAAGGGATTCGCTCCGCCTCACGGCATCGCAGCCCTCTGTACCGGCCATTGTAGCATGCGTGAAGCCCAAGACATAAGGGGCATGATGATTTGACGTCATCCCCACCTTCCTCCGAGTTGACCCCGGCAGTCTCCCACGAGTCCCCGCCATAACGCGCTGGCAACACGGGACAGGGGTTGCGCTCGTTGCGGGACTTAACCCAACATCTCACGACACGAGCTGACGACAACCATGCACCACCTGCACGCCAGCCACAAGGGCCATGACATCTCTGCCATGTTCCGGCGCATGTCAAGCCTTGGTAAGGTTCTTCGCGTTGCATCGAATTAATCCGCATGCTCCGCCGCTTGTGCGGGCCCCCGTCAATTCCTTTGAGTTTTAGCCTTGCGGCCGTACTCCCCAGGCGGGGCGCTTAATGCGTTAGCTGCGGCGCAGAAACCGGAAGAGGCCCCCACACCTAGCGCCCAACGTTTACGGCATGGACTACCAGGGTATCTAATCCTGTTCGCTCCCCATGCTTTCGCTCCTCAGCGTCAGTAACGGCCCAGTGACCTGCCTTCGCCATCGGTGTTCCTCCCGATATCTGCGCATTCCACCGCTACACCGGGAATTCCAGTCACCCCTACCGCACTCCAGCCTGCCCGTACCCACCGCACGCGCGGAGTTGAGCCCCGCGTTTTCACGGCAGGCGCAACAGGCCGCCTACGAGCCCTTTACGCCCAATAATTCCGGACAACGCTCGCGCCCTACGTATTACCGCGGCTGCTGGCACGTAGTTAGCCGGCGCTTCTTATACCAGTACCCTCAACTAAAAAAGCCTTGTTCCTGGTCGAAAGGGGTTTACAACCCGAAAGCCTTCATCCCCAAGCGGCGTCGCTGCGTCAGGCTTCCGCCAATTG
21,2016?,Cam,Narbe 2-5 PS3,papillae,Columbia agar + 5% sheeps blood,i21_1_27F_33,yes,TCGAACGATGAAGCCTAAGGCTTGCTCCTGGTGGATTAGTGGCGAACGGGTGAGTAATACGTGAGTAACCTGCCCTCCGCTTCGGGATAAGCCTTGGAAACGGGGTCTAATACCGGATGTTGGCCTTCTTCCCGCATGGGTTGGGGGTGAAAGTTTTTTCGGCGGGGGATGGGCTCGCGGCCTATCAGCTTGTTGGTGGGGTGATGGCCTACCAAGGCGTCGACGGGTAGCCGGCCTGAGAGGGTGACCGGCCACATTGGGACTGAGATACGGCCCAGACTCCTACGGGAGGCAGCAGTGGGGGATATTGCGCAATGGGCGGAAGCCTGACGCAGCGACGCCGCGTGGGGGATGAAGGCTTTCGGGTTGTAAACCCCTTTCGACCAGGAACAAGGCTTTTT
21,2016?,Cam,Narbe 2-5 PS3,papillae,Columbia agar + 5% sheeps blood,i21_1wh_27F_30,yes,CTTACCATGCAAGTCGAACGATGAAGCCTAGGCTTGCTCTGGTGGATTAGTGGCGAACGGGTGAGTAATACGTGAGTAACCTGCCCTCCGCTTCGGGATAAGCCTTGGAAACGGGGTCTAATACCGGATGTTGGCCTTCTTCCCGCATGGGTTGGGGGTGAAAGTTTTTTCGGCGGGGGATGGGCTCGCGGCCTATCAGCTTGTTGGTGGGGTGATGGCCTACCAAGGCGTCGACGGGTAGCCGGCCTGAGAGGGTGACCGGCCACATTGGGACTGAGATACGGCCCAGACTCCTACGGGAGGCAGCAGTGGGGGATATTGCGCAATGGGCGGAAGCCTGACGCAGCGACGCCGCGTGGGGGATGAAGGCTTTCGGGTTGTAAACCCCTTTCGACCAGGAACAAGGCTTTTT
21,2016?,Cam,Narbe 2-5 PS3,papillae,Columbia agar + 5% sheeps blood,i21_2_1492_39,yes,CCGCTCCCCCAAAAGGTAGGGCCACAGGGCTTCGGGTGTTGCCGACTTTCGTGACCTGACGGTCGGTGTGTACAAGGCCCGAGAACGTATTCACCGCAGCGTTGCTGATCTGCGATTACTAGCGACTCCGACTTCACGGGGTCGAGTTGCAGACCCCGATCCGAACTGAGACCGGCTTTAAGGGATTCGCTCCGCCTCACGGCATCGCAGCCCTCTGTACCGGCCATTGTAGCATGCGTGAAGCCCAAGACATAAGGGGCATGATGATTTGACGTCATCCCCACCTTCCTCCGAGTTGACCCCGGCAGTCTCCCACGAGTCCCCGCCATAACGCGCTGGCAACACGGGACAGGGGTTGCGCTCGTTGCGGGACTTAACCCAACATCTCACGACACGAGCTGACGACAACCATGCACCACCTGCACGCCAGCCACAAGGGCCATGACATCTCTGCCATGTTCCGGCGCATGTCAAGCCTTGGTAAGGTTCTTCGCGTTGCATCGAATTAATCCGCATGCTCCGCCGCTTGTGCGGGCCCCCGTCAATTCCTTTGAGTTTTAGCCTTGCGGCCGTACTCCCCAGGCGGGGCGCTTAATGCGTTAGCTGCGGCGCAGAAACCGGAAGAGGCCCCCACACCTAGCGCCCAACGTTTACGGCATGGACTACCAGGGTATCTAATCCTGTTCGCTCCCCATGCTTTCGCTCCTCAGCGTCAGTAACGGCCCAGTGACCTGCCTTCGCCATCGGTGTTCCTCCCGATATCTGCGCATTCCACCGCTACACCGGGAATTCCAGTCACCCCTACCGCACTCCAGCCTGCCCGTACCCACCGCACGCGCGGAGTTGAGCCCCGCGTTTTCACGGCAGGCGCAACAGGCCGCCTACGAGCCCTTTACGCCCAATAATTCCGGACAACGCTCGCGCCCTACGTATTACCGCGGCTGCTGGCACGTAGTTAGCCGGCGCTTCTTATACCAGTACCCTCAACCAAAAAACCTTGTTCCTGGTCGAAAGGGGTTTACAACCCGAAAGCCTTCATCCCCCACGCGGCGTCCCTGCGTCAGGCTTCCGCCATTGCCAATATCCCCCACTGCTGC
21,2016?,Cam,Narbe 2-5 PS3,papillae,Columbia agar + 5% sheeps blood,i21_2_27F_45,yes,GTCGAACGATGAAGCCTGGGCTTGCTTTGGTGGATTAGTGGCGAACGGGTGAGTAATACGTGAGTAACCTGCCCTCCGCTTCGGGATAAGCCTTGGAAACGGGGTCTAATACCGGATGTTGGCCTTCTTCCCGCATGGGTTGGGGGTGAAAGTTTTTTCGGCGGGGGATGGGCTCGCGGCCTATCAGCTTGTTGGTGGGGTGATGGCCTACCAAGGCGTCGACGGGTAGCCGGCCTGAGAGGGTGACCGGCCACATTGGGACTGAGATACGGCCCAGACTCCTACGGGAGGCAGCAGTGGGGGATATTGCGCAATGGGCGGAAGCCTGACGCAGCGACGCCGCGTGGGGGATGAAGGCTTTCGGGTTGTAAACCCCTTTCGACCAGGAACAAGGCTTTTT
21,2016?,Cam,Narbe 2-5 PS3,papillae,Columbia agar + 5% sheeps blood,i21_2wh_27F_31,yes,CTTACCATGCAAGTCGAACGATGAAGCCTAGGCTTGCTTTGGTGGATTAGTGGCGAACGGGTGAGTAATACGTGAGTAACCTGCCCTCCGCTTCGGGATAAGCCTTGGAAACGGGGTCTAATACCGGATGTTGGCCTTCTTCCCGCATGGGTTGGGGGTGAAAGTTTTTTCGGCGGGGGATGGGCTCGCGGCCTATCAGCTTGTTGGTGGGGTGATGGCCTACCAAGGCGTCGACGGGTAGCCGGCCTGAGAGGGTGACCGGCCACATTGGGACTGAGATACGGCCCAGACTCCTACGGGAGGCAGCAGTGGGGGATATTGCGCAATGGGCGGAAGCCTGACGCAGCGACGCCGCGTGGGGGATGAAGGCTTTCGGGTTGTAAACCCCTTTCGACCAGGAACAAGGCTTTTT